{
	"records": [	{
		"Window Time": 0.0,
		"Number of IO": 3,
		"Size of IO": 2796202,
		"Latency": 0.41626,
		"Kernel Time": 0.10202,
		"Driver Time": 0.11188,
		"Device Time": 0.20235,
		"max": 0.59599,
		"min": 0.17839,
		"var": 0.000000,
		"std": 0.000018
	}
, 	{
		"Window Time": 10.0,
		"Number of IO": 21,
		"Size of IO": 40245345,
		"Latency": 0.480515,
		"Kernel Time": 0.5922,
		"Driver Time": 0.419085,
		"Device Time": 0.55508,
		"max": 0.7128617,
		"min": 0.20422,
		"var": 0.000002,
		"std": 0.001489
	}
, 	{
		"Window Time": 20.0,
		"Number of IO": 107,
		"Size of IO": 61464193,
		"Latency": 0.735984,
		"Kernel Time": 0.7668,
		"Driver Time": 0.167499,
		"Device Time": 0.560816,
		"max": 0.5975124,
		"min": 0.19379,
		"var": 0.000001,
		"std": 0.000781
	}
, 	{
		"Window Time": 30.0,
		"Number of IO": 121,
		"Size of IO": 60384112,
		"Latency": 0.2790221,
		"Kernel Time": 0.4182,
		"Driver Time": 0.63433,
		"Device Time": 0.2722605,
		"max": 0.6592672,
		"min": 0.19888,
		"var": 0.000005,
		"std": 0.002280
	}
, 	{
		"Window Time": 40.0,
		"Number of IO": 99,
		"Size of IO": 56813754,
		"Latency": 0.3001817,
		"Kernel Time": 0.3658,
		"Driver Time": 0.97702,
		"Device Time": 0.2900456,
		"max": 0.7243998,
		"min": 0.19515,
		"var": 0.000006,
		"std": 0.002465
	}
, 	{
		"Window Time": 50.0,
		"Number of IO": 91,
		"Size of IO": 63214153,
		"Latency": 0.553879,
		"Kernel Time": 0.8587,
		"Driver Time": 0.182333,
		"Device Time": 0.362958,
		"max": 0.5555825,
		"min": 0.31371,
		"var": 0.000000,
		"std": 0.000695
	}
]}