{
	"records": [	{
		"Window Time": 0.0,
		"Number of IO": 90,
		"Size of IO": 27356182,
		"Latency": 0.232120,
		"Kernel Time": 0.38215,
		"Driver Time": 0.58978,
		"Device Time": 0.134926,
		"max": 0.1422764,
		"min": 0.42310,
		"var": 0.000000,
		"std": 0.000236
	}
, 	{
		"Window Time": 10.0,
		"Number of IO": 104,
		"Size of IO": 51541543,
		"Latency": 0.707319,
		"Kernel Time": 0.12039,
		"Driver Time": 0.63994,
		"Device Time": 0.631284,
		"max": 0.2217056,
		"min": 0.30642,
		"var": 0.000000,
		"std": 0.000661
	}
, 	{
		"Window Time": 20.0,
		"Number of IO": 181,
		"Size of IO": 59172128,
		"Latency": 0.1847800,
		"Kernel Time": 0.9315,
		"Driver Time": 0.46008,
		"Device Time": 0.1792476,
		"max": 0.5184438,
		"min": 0.23037,
		"var": 0.000002,
		"std": 0.001454
	}
, 	{
		"Window Time": 30.0,
		"Number of IO": 111,
		"Size of IO": 59797171,
		"Latency": 0.703404,
		"Kernel Time": 0.37316,
		"Driver Time": 0.82486,
		"Device Time": 0.583601,
		"max": 0.3770887,
		"min": 0.55094,
		"var": 0.000000,
		"std": 0.000590
	}
, 	{
		"Window Time": 40.0,
		"Number of IO": 29,
		"Size of IO": 33771378,
		"Latency": 0.290121,
		"Kernel Time": 0.14218,
		"Driver Time": 0.38616,
		"Device Time": 0.237285,
		"max": 0.761186,
		"min": 0.56194,
		"var": 0.000000,
		"std": 0.000215
	}
, 	{
		"Window Time": 50.0,
		"Number of IO": 33,
		"Size of IO": 50268097,
		"Latency": 0.456723,
		"Kernel Time": 0.20616,
		"Driver Time": 0.71717,
		"Device Time": 0.364389,
		"max": 0.1445736,
		"min": 0.46808,
		"var": 0.000000,
		"std": 0.000324
	}
]}