{
	"records": [	{
		"Time": 0.109252,
		"Size of IO": 12288,
		"Latency": 0.109252,
		"Kernel Time": 0.19107,
		"Driver Time": 0.54569,
		"Device Time": 0.35576
	}
, 	{
		"Time": 0.154169,
		"Size of IO": 4096,
		"Latency": 0.92952,
		"Kernel Time": 0.5326,
		"Driver Time": 0.30931,
		"Device Time": 0.56695
	}
, 	{
		"Time": 0.179841,
		"Size of IO": 4096,
		"Latency": 0.90606,
		"Kernel Time": 0.4922,
		"Driver Time": 0.66034,
		"Device Time": 0.19650
	}
, 	{
		"Time": 0.224311,
		"Size of IO": 4096,
		"Latency": 0.55996,
		"Kernel Time": 0.5575,
		"Driver Time": 0.21689,
		"Device Time": 0.28732
	}
, 	{
		"Time": 2.585457857,
		"Size of IO": 12288,
		"Latency": 0.50252,
		"Kernel Time": 0.9597,
		"Driver Time": 0.16270,
		"Device Time": 0.24385
	}
, 	{
		"Time": 2.585487515,
		"Size of IO": 4096,
		"Latency": 0.19373,
		"Kernel Time": 0.3629,
		"Driver Time": 0.1541,
		"Device Time": 0.14203
	}
, 	{
		"Time": 6.223912160,
		"Size of IO": 4096,
		"Latency": 0.79759,
		"Kernel Time": 0.8008,
		"Driver Time": 0.14560,
		"Device Time": 0.57191
	}
, 	{
		"Time": 6.223915706,
		"Size of IO": 4096,
		"Latency": 0.65977,
		"Kernel Time": 0.1879,
		"Driver Time": 0.9030,
		"Device Time": 0.55068
	}
, 	{
		"Time": 53.775970952,
		"Size of IO": 4096,
		"Latency": 0.50140,
		"Kernel Time": 0.7132,
		"Driver Time": 0.9618,
		"Device Time": 0.33390
	}
]}