{
	"records": [	{
		"Window Time": 0.0,
		"Number of IO": 27,
		"Size of IO": 34952533,
		"Latency": 0.218805,
		"Kernel Time": 0.11323,
		"Driver Time": 0.18476,
		"Device Time": 0.189005,
		"max": 0.552004,
		"min": 0.18647,
		"var": 0.000000,
		"std": 0.000193
	}
, 	{
		"Window Time": 10.0,
		"Number of IO": 70,
		"Size of IO": 53866847,
		"Latency": 0.1011560,
		"Kernel Time": 0.10056,
		"Driver Time": 0.43453,
		"Device Time": 0.958050,
		"max": 0.3448622,
		"min": 0.18074,
		"var": 0.000001,
		"std": 0.001091
	}
, 	{
		"Window Time": 20.0,
		"Number of IO": 23,
		"Size of IO": 41304776,
		"Latency": 0.295025,
		"Kernel Time": 0.12382,
		"Driver Time": 0.23413,
		"Device Time": 0.259229,
		"max": 0.574993,
		"min": 0.27565,
		"var": 0.000000,
		"std": 0.000200
	}
, 	{
		"Window Time": 30.0,
		"Number of IO": 16,
		"Size of IO": 28180480,
		"Latency": 0.125682,
		"Kernel Time": 0.12020,
		"Driver Time": 0.28712,
		"Device Time": 0.84949,
		"max": 0.238724,
		"min": 0.21641,
		"var": 0.000000,
		"std": 0.000065
	}
]}