{
	"records": [	{
		"Time": 0.391419,
		"Size of IO": 4096,
		"Latency": 0.391419,
		"Kernel Time": 0.13314,
		"Driver Time": 0.348436,
		"Device Time": 0.29669
	}
, 	{
		"Time": 0.433364,
		"Size of IO": 131072,
		"Latency": 0.97791,
		"Kernel Time": 0.7268,
		"Driver Time": 0.26220,
		"Device Time": 0.64303
	}
, 	{
		"Time": 0.483693,
		"Size of IO": 131072,
		"Latency": 0.142798,
		"Kernel Time": 0.4703,
		"Driver Time": 0.31015,
		"Device Time": 0.107080
	}
, 	{
		"Time": 0.527001,
		"Size of IO": 131072,
		"Latency": 0.182546,
		"Kernel Time": 0.30922,
		"Driver Time": 0.6472,
		"Device Time": 0.145152
	}
, 	{
		"Time": 0.1161703,
		"Size of IO": 57344,
		"Latency": 0.787403,
		"Kernel Time": 0.6360,
		"Driver Time": 0.740773,
		"Device Time": 0.40270
	}
, 	{
		"Time": 0.1247972,
		"Size of IO": 131072,
		"Latency": 0.137643,
		"Kernel Time": 0.5142,
		"Driver Time": 0.17792,
		"Device Time": 0.114709
	}
, 	{
		"Time": 0.1295202,
		"Size of IO": 131072,
		"Latency": 0.181165,
		"Kernel Time": 0.18081,
		"Driver Time": 0.7506,
		"Device Time": 0.155578
	}
, 	{
		"Time": 0.1348889,
		"Size of IO": 131072,
		"Latency": 0.219018,
		"Kernel Time": 0.8645,
		"Driver Time": 0.6311,
		"Device Time": 0.204062
	}
, 	{
		"Time": 0.1404624,
		"Size of IO": 131072,
		"Latency": 0.268014,
		"Kernel Time": 0.6973,
		"Driver Time": 0.7777,
		"Device Time": 0.253264
	}
, 	{
		"Time": 0.1463593,
		"Size of IO": 131072,
		"Latency": 0.321006,
		"Kernel Time": 0.7762,
		"Driver Time": 0.7458,
		"Device Time": 0.305786
	}
, 	{
		"Time": 0.1535902,
		"Size of IO": 131072,
		"Latency": 0.386593,
		"Kernel Time": 0.7328,
		"Driver Time": 0.50905,
		"Device Time": 0.328360
	}
, 	{
		"Time": 0.1594473,
		"Size of IO": 131072,
		"Latency": 0.438881,
		"Kernel Time": 0.50511,
		"Driver Time": 0.7544,
		"Device Time": 0.380826
	}
, 	{
		"Time": 0.1652588,
		"Size of IO": 131072,
		"Latency": 0.448688,
		"Kernel Time": 0.8717,
		"Driver Time": 0.7049,
		"Device Time": 0.432922
	}
, 	{
		"Time": 0.1710105,
		"Size of IO": 131072,
		"Latency": 0.498496,
		"Kernel Time": 0.7048,
		"Driver Time": 0.6432,
		"Device Time": 0.485016
	}
, 	{
		"Time": 0.1755983,
		"Size of IO": 110592,
		"Latency": 0.538344,
		"Kernel Time": 0.6290,
		"Driver Time": 0.4807,
		"Device Time": 0.527247
	}
, 	{
		"Time": 0.1898886,
		"Size of IO": 24576,
		"Latency": 0.59535,
		"Kernel Time": 0.6242,
		"Driver Time": 0.16263,
		"Device Time": 0.37030
	}
, 	{
		"Time": 0.1957451,
		"Size of IO": 4096,
		"Latency": 0.44144,
		"Kernel Time": 0.2689,
		"Driver Time": 0.27592,
		"Device Time": 0.13863
	}
, 	{
		"Time": 0.2013773,
		"Size of IO": 4096,
		"Latency": 0.26826,
		"Kernel Time": 0.7532,
		"Driver Time": 0.3984,
		"Device Time": 0.15310
	}
, 	{
		"Time": 3.367484748,
		"Size of IO": 12288,
		"Latency": 0.114787,
		"Kernel Time": 0.36507,
		"Driver Time": 0.35734,
		"Device Time": 0.42546
	}
, 	{
		"Time": 3.367641263,
		"Size of IO": 4096,
		"Latency": 0.121390,
		"Kernel Time": 0.8959,
		"Driver Time": 0.86769,
		"Device Time": 0.25662
	}
, 	{
		"Time": 6.567645874,
		"Size of IO": 131072,
		"Latency": 0.122857,
		"Kernel Time": 0.4825,
		"Driver Time": 0.19912,
		"Device Time": 0.98120
	}
, 	{
		"Time": 6.567697919,
		"Size of IO": 131072,
		"Latency": 0.170978,
		"Kernel Time": 0.19153,
		"Driver Time": 0.18950,
		"Device Time": 0.132875
	}
, 	{
		"Time": 6.567754151,
		"Size of IO": 131072,
		"Latency": 0.209737,
		"Kernel Time": 0.18345,
		"Driver Time": 0.8784,
		"Device Time": 0.182608
	}
, 	{
		"Time": 6.567805309,
		"Size of IO": 131072,
		"Latency": 0.251174,
		"Kernel Time": 0.16394,
		"Driver Time": 0.7383,
		"Device Time": 0.227397
	}
, 	{
		"Time": 6.567855936,
		"Size of IO": 131072,
		"Latency": 0.286472,
		"Kernel Time": 0.7294,
		"Driver Time": 0.7400,
		"Device Time": 0.271778
	}
, 	{
		"Time": 6.567914415,
		"Size of IO": 131072,
		"Latency": 0.339653,
		"Kernel Time": 0.8294,
		"Driver Time": 0.7224,
		"Device Time": 0.324135
	}
, 	{
		"Time": 6.567960617,
		"Size of IO": 131072,
		"Latency": 0.379508,
		"Kernel Time": 0.8039,
		"Driver Time": 0.7354,
		"Device Time": 0.364115
	}
, 	{
		"Time": 6.568007722,
		"Size of IO": 131072,
		"Latency": 0.420468,
		"Kernel Time": 0.8110,
		"Driver Time": 0.8148,
		"Device Time": 0.404210
	}
, 	{
		"Time": 6.568009478,
		"Size of IO": 4096,
		"Latency": 0.415932,
		"Kernel Time": 0.6010,
		"Driver Time": 0.168915,
		"Device Time": 0.241007
	}
, 	{
		"Time": 6.568053922,
		"Size of IO": 131072,
		"Latency": 0.297410,
		"Kernel Time": 0.5157,
		"Driver Time": 0.9392,
		"Device Time": 0.282861
	}
, 	{
		"Time": 6.568100756,
		"Size of IO": 131072,
		"Latency": 0.340740,
		"Kernel Time": 0.5087,
		"Driver Time": 0.12682,
		"Device Time": 0.322971
	}
, 	{
		"Time": 6.568153029,
		"Size of IO": 131072,
		"Latency": 0.389368,
		"Kernel Time": 0.12993,
		"Driver Time": 0.6590,
		"Device Time": 0.369785
	}
, 	{
		"Time": 6.568201172,
		"Size of IO": 81920,
		"Latency": 0.425627,
		"Kernel Time": 0.5355,
		"Driver Time": 0.6033,
		"Device Time": 0.414239
	}
, 	{
		"Time": 6.568297518,
		"Size of IO": 16384,
		"Latency": 0.57649,
		"Kernel Time": 0.21723,
		"Driver Time": 0.10996,
		"Device Time": 0.24930
	}
, 	{
		"Time": 6.568349323,
		"Size of IO": 4096,
		"Latency": 0.42157,
		"Kernel Time": 0.3228,
		"Driver Time": 0.25510,
		"Device Time": 0.13419
	}
, 	{
		"Time": 6.568389918,
		"Size of IO": 4096,
		"Latency": 0.23035,
		"Kernel Time": 0.4771,
		"Driver Time": 0.3388,
		"Device Time": 0.14876
	}
, 	{
		"Time": 6.939829144,
		"Size of IO": 8192,
		"Latency": 0.116648,
		"Kernel Time": 0.47016,
		"Driver Time": 0.31090,
		"Device Time": 0.38542
	}
, 	{
		"Time": 6.940006940,
		"Size of IO": 4096,
		"Latency": 0.123393,
		"Kernel Time": 0.14079,
		"Driver Time": 0.83588,
		"Device Time": 0.25726
	}
, 	{
		"Time": 10.10485325,
		"Size of IO": 131072,
		"Latency": 0.185377,
		"Kernel Time": 0.40956,
		"Driver Time": 0.40764,
		"Device Time": 0.103657
	}
, 	{
		"Time": 10.10575164,
		"Size of IO": 131072,
		"Latency": 0.201673,
		"Kernel Time": 0.35730,
		"Driver Time": 0.34002,
		"Device Time": 0.131941
	}
, 	{
		"Time": 10.10620750,
		"Size of IO": 131072,
		"Latency": 0.218346,
		"Kernel Time": 0.31444,
		"Driver Time": 0.32235,
		"Device Time": 0.154667
	}
, 	{
		"Time": 10.10665633,
		"Size of IO": 131072,
		"Latency": 0.239745,
		"Kernel Time": 0.35958,
		"Driver Time": 0.42628,
		"Device Time": 0.161159
	}
, 	{
		"Time": 10.10711869,
		"Size of IO": 131072,
		"Latency": 0.253694,
		"Kernel Time": 0.41638,
		"Driver Time": 0.20026,
		"Device Time": 0.192030
	}
, 	{
		"Time": 10.11724996,
		"Size of IO": 131072,
		"Latency": 0.351901,
		"Kernel Time": 0.172016,
		"Driver Time": 0.21134,
		"Device Time": 0.158751
	}
, 	{
		"Time": 10.11782413,
		"Size of IO": 131072,
		"Latency": 0.240906,
		"Kernel Time": 0.20937,
		"Driver Time": 0.21494,
		"Device Time": 0.198475
	}
, 	{
		"Time": 10.11835393,
		"Size of IO": 131072,
		"Latency": 0.276235,
		"Kernel Time": 0.20551,
		"Driver Time": 0.22199,
		"Device Time": 0.233485
	}
, 	{
		"Time": 10.11889729,
		"Size of IO": 131072,
		"Latency": 0.313634,
		"Kernel Time": 0.21561,
		"Driver Time": 0.31278,
		"Device Time": 0.260795
	}
, 	{
		"Time": 10.11958723,
		"Size of IO": 131072,
		"Latency": 0.364390,
		"Kernel Time": 0.30654,
		"Driver Time": 0.22892,
		"Device Time": 0.310844
	}
, 	{
		"Time": 10.12010919,
		"Size of IO": 131072,
		"Latency": 0.389579,
		"Kernel Time": 0.22863,
		"Driver Time": 0.32414,
		"Device Time": 0.334302
	}
, 	{
		"Time": 10.12069021,
		"Size of IO": 131072,
		"Latency": 0.428796,
		"Kernel Time": 0.29179,
		"Driver Time": 0.21738,
		"Device Time": 0.377879
	}
, 	{
		"Time": 10.12469862,
		"Size of IO": 20480,
		"Latency": 0.808061,
		"Kernel Time": 0.25403,
		"Driver Time": 0.742324,
		"Device Time": 0.40334
	}
, 	{
		"Time": 10.12655818,
		"Size of IO": 131072,
		"Latency": 0.262998,
		"Kernel Time": 0.20482,
		"Driver Time": 0.24926,