{
	"records": [	{
		"Window Time": 0.0,
		"Number of IO": 38,
		"Size of IO": 45254332,
		"Latency": 0.258402,
		"Kernel Time": 0.12285,
		"Driver Time": 0.49741,
		"Device Time": 0.196374,
		"max": 0.787403,
		"min": 0.23035,
		"var": 0.000000,
		"std": 0.000170
	}
, 	{
		"Window Time": 10.0,
		"Number of IO": 45,
		"Size of IO": 52894833,
		"Latency": 0.301259,
		"Kernel Time": 0.26773,
		"Driver Time": 0.46972,
		"Device Time": 0.227513,
		"max": 0.808061,
		"min": 0.78987,
		"var": 0.000000,
		"std": 0.000164
	}
, 	{
		"Window Time": 20.0,
		"Number of IO": 22,
		"Size of IO": 41847714,
		"Latency": 0.242019,
		"Kernel Time": 0.25984,
		"Driver Time": 0.41448,
		"Device Time": 0.174587,
		"max": 0.492315,
		"min": 0.56451,
		"var": 0.000000,
		"std": 0.000139
	}
, 	{
		"Window Time": 30.0,
		"Number of IO": 2,
		"Size of IO": 5242880,
		"Latency": 0.61478,
		"Kernel Time": 0.8957,
		"Driver Time": 0.24393,
		"Device Time": 0.28128,
		"max": 0.73051,
		"min": 0.49906,
		"var": 0.000000,
		"std": 0.000012
	}
]}