{
	"records": [	{
		"Time": 0.218396,
		"Size of IO": 4096,
		"Latency": 0.218396,
		"Kernel Time": 0.12161,
		"Driver Time": 0.176083,
		"Device Time": 0.30152
	}
, 	{
		"Time": 0.261236,
		"Size of IO": 131072,
		"Latency": 0.85559,
		"Kernel Time": 0.6648,
		"Driver Time": 0.13084,
		"Device Time": 0.65827
	}
, 	{
		"Time": 0.303316,
		"Size of IO": 131072,
		"Latency": 0.123121,
		"Kernel Time": 0.4436,
		"Driver Time": 0.18974,
		"Device Time": 0.99711
	}
, 	{
		"Time": 0.347488,
		"Size of IO": 131072,
		"Latency": 0.163738,
		"Kernel Time": 0.18765,
		"Driver Time": 0.5265,
		"Device Time": 0.139708
	}
, 	{
		"Time": 0.640641,
		"Size of IO": 131072,
		"Latency": 0.113058,
		"Kernel Time": 0.5105,
		"Driver Time": 0.6463,
		"Device Time": 0.101490
	}
, 	{
		"Time": 0.708386,
		"Size of IO": 131072,
		"Latency": 0.177138,
		"Kernel Time": 0.3701,
		"Driver Time": 0.9210,
		"Device Time": 0.164227
	}
, 	{
		"Time": 0.781905,
		"Size of IO": 131072,
		"Latency": 0.247924,
		"Kernel Time": 0.9066,
		"Driver Time": 0.6133,
		"Device Time": 0.232725
	}
, 	{
		"Time": 0.848190,
		"Size of IO": 131072,
		"Latency": 0.306161,
		"Kernel Time": 0.6194,
		"Driver Time": 0.6211,
		"Device Time": 0.293756
	}
, 	{
		"Time": 0.919178,
		"Size of IO": 131072,
		"Latency": 0.371938,
		"Kernel Time": 0.6056,
		"Driver Time": 0.6108,
		"Device Time": 0.359774
	}
, 	{
		"Time": 0.978895,
		"Size of IO": 131072,
		"Latency": 0.426560,
		"Kernel Time": 0.6094,
		"Driver Time": 0.6152,
		"Device Time": 0.414314
	}
, 	{
		"Time": 0.1038921,
		"Size of IO": 131072,
		"Latency": 0.481479,
		"Kernel Time": 0.6013,
		"Driver Time": 0.27246,
		"Device Time": 0.448220
	}
, 	{
		"Time": 0.1090768,
		"Size of IO": 131072,
		"Latency": 0.528458,
		"Kernel Time": 0.7706,
		"Driver Time": 0.40892,
		"Device Time": 0.479860
	}
, 	{
		"Time": 0.1148500,
		"Size of IO": 131072,
		"Latency": 0.579468,
		"Kernel Time": 0.40611,
		"Driver Time": 0.6799,
		"Device Time": 0.532058
	}
, 	{
		"Time": 0.1189725,
		"Size of IO": 131072,
		"Latency": 0.595967,
		"Kernel Time": 0.21728,
		"Driver Time": 0.4797,
		"Device Time": 0.569442
	}
, 	{
		"Time": 0.1235250,
		"Size of IO": 122880,
		"Latency": 0.620802,
		"Kernel Time": 0.4706,
		"Driver Time": 0.31481,
		"Device Time": 0.584615
	}
, 	{
		"Time": 0.1442020,
		"Size of IO": 24576,
		"Latency": 0.60244,
		"Kernel Time": 0.6631,
		"Driver Time": 0.24049,
		"Device Time": 0.29564
	}
, 	{
		"Time": 0.1470053,
		"Size of IO": 4096,
		"Latency": 0.18920,
		"Kernel Time": 0.3294,
		"Driver Time": 0.1368,
		"Device Time": 0.14258
	}
, 	{
		"Time": 0.1525648,
		"Size of IO": 4096,
		"Latency": 0.29758,
		"Kernel Time": 0.6725,
		"Driver Time": 0.4524,
		"Device Time": 0.18509
	}
, 	{
		"Time": 3.924657923,
		"Size of IO": 12288,
		"Latency": 0.117687,
		"Kernel Time": 0.35954,
		"Driver Time": 0.36495,
		"Device Time": 0.45238
	}
, 	{
		"Time": 3.924745328,
		"Size of IO": 4096,
		"Latency": 0.45100,
		"Kernel Time": 0.13395,
		"Driver Time": 0.5174,
		"Device Time": 0.26531
	}
, 	{
		"Time": 6.637446673,
		"Size of IO": 4096,
		"Latency": 0.866037,
		"Kernel Time": 0.22806,
		"Driver Time": 0.795064,
		"Device Time": 0.48167
	}
, 	{
		"Time": 6.637636266,
		"Size of IO": 131072,
		"Latency": 0.206661,
		"Kernel Time": 0.52538,
		"Driver Time": 0.37223,
		"Device Time": 0.116900
	}
, 	{
		"Time": 6.637699893,
		"Size of IO": 131072,
		"Latency": 0.224053,
		"Kernel Time": 0.38956,
		"Driver Time": 0.33907,
		"Device Time": 0.151190
	}
, 	{
		"Time": 6.637815035,
		"Size of IO": 131072,
		"Latency": 0.274446,
		"Kernel Time": 0.26470,
		"Driver Time": 0.33479,
		"Device Time": 0.214497
	}
, 	{
		"Time": 6.637857731,
		"Size of IO": 131072,
		"Latency": 0.294886,
		"Kernel Time": 0.33324,
		"Driver Time": 0.27612,
		"Device Time": 0.233950
	}
, 	{
		"Time": 6.637904453,
		"Size of IO": 131072,
		"Latency": 0.311858,
		"Kernel Time": 0.26254,
		"Driver Time": 0.41867,
		"Device Time": 0.243737
	}
, 	{
		"Time": 6.637945493,
		"Size of IO": 131072,
		"Latency": 0.331378,
		"Kernel Time": 0.40476,
		"Driver Time": 0.33554,
		"Device Time": 0.257348
	}
, 	{
		"Time": 6.637991420,
		"Size of IO": 131072,
		"Latency": 0.340888,
		"Kernel Time": 0.32339,
		"Driver Time": 0.40599,
		"Device Time": 0.267950
	}
, 	{
		"Time": 6.638041381,
		"Size of IO": 131072,
		"Latency": 0.362695,
		"Kernel Time": 0.38659,
		"Driver Time": 0.24561,
		"Device Time": 0.299475
	}
, 	{
		"Time": 6.638086339,
		"Size of IO": 102400,
		"Latency": 0.373880,
		"Kernel Time": 0.24729,
		"Driver Time": 0.24418,
		"Device Time": 0.324733
	}
, 	{
		"Time": 6.638369998,
		"Size of IO": 16384,
		"Latency": 0.91443,
		"Kernel Time": 0.16550,
		"Driver Time": 0.38613,
		"Device Time": 0.36280
	}
, 	{
		"Time": 6.638426637,
		"Size of IO": 4096,
		"Latency": 0.32579,
		"Kernel Time": 0.8258,
		"Driver Time": 0.3372,
		"Device Time": 0.20949
	}
, 	{
		"Time": 10.11533775,
		"Size of IO": 131072,
		"Latency": 0.132643,
		"Kernel Time": 0.24178,
		"Driver Time": 0.32360,
		"Device Time": 0.76105
	}
, 	{
		"Time": 10.11575926,
		"Size of IO": 131072,
		"Latency": 0.157046,
		"Kernel Time": 0.15483,
		"Driver Time": 0.46952,
		"Device Time": 0.94611
	}
, 	{
		"Time": 10.11718552,
		"Size of IO": 131072,
		"Latency": 0.199451,
		"Kernel Time": 0.36650,
		"Driver Time": 0.33439,
		"Device Time": 0.129362
	}
, 	{
		"Time": 10.11846914,
		"Size of IO": 131072,
		"Latency": 0.245409,
		"Kernel Time": 0.43081,
		"Driver Time": 0.30298,
		"Device Time": 0.172030
	}
, 	{
		"Time": 10.11899121,
		"Size of IO": 131072,
		"Latency": 0.258463,
		"Kernel Time": 0.24810,
		"Driver Time": 0.32909,
		"Device Time": 0.200744
	}
, 	{
		"Time": 10.11937017,
		"Size of IO": 131072,
		"Latency": 0.275885,
		"Kernel Time": 0.32803,
		"Driver Time": 0.36468,
		"Device Time": 0.206614
	}
, 	{
		"Time": 10.11986940,
		"Size of IO": 131072,
		"Latency": 0.296710,
		"Kernel Time": 0.35090,
		"Driver Time": 0.30764,
		"Device Time": 0.230856
	}
, 	{
		"Time": 10.12046683,
		"Size of IO": 131072,
		"Latency": 0.336857,
		"Kernel Time": 0.41988,
		"Driver Time": 0.32685,
		"Device Time": 0.262184
	}
, 	{
		"Time": 10.12106930,
		"Size of IO": 131072,
		"Latency": 0.359241,
		"Kernel Time": 0.31783,
		"Driver Time": 0.25472,
		"Device Time": 0.301986
	}
, 	{
		"Time": 10.13753559,
		"Size of IO": 131072,
		"Latency": 0.185679,
		"Kernel Time": 0.22794,
		"Driver Time": 0.22615,
		"Device Time": 0.140270
	}
, 	{
		"Time": 10.13949952,
		"Size of IO": 131072,
		"Latency": 0.302347,
		"Kernel Time": 0.38946,
		"Driver Time": 0.31811,
		"Device Time": 0.231590
	}
, 	{
		"Time": 10.14017504,
		"Size of IO": 131072,
		"Latency": 0.335745,
		"Kernel Time": 0.28743,
		"Driver Time": 0.27550,
		"Device Time": 0.279452
	}
, 	{
		"Time": 10.14126725,
		"Size of IO": 131072,
		"Latency": 0.424446,
		"Kernel Time": 0.31128,
		"Driver Time": 0.36174,
		"Device Time": 0.357144
	}
, 	{
		"Time": 10.14245605,
		"Size of IO": 131072,
		"Latency": 0.515777,
		"Kernel Time": 0.35174,
		"Driver Time": 0.24070,
		"Device Time": 0.456533
	}
, 	{
		"Time": 10.14338159,
		"Size of IO": 131072,
		"Latency": 0.577133,
		"Kernel Time": 0.23437,
		"Driver Time": 0.32470,
		"Device Time": 0.521226
	}
, 	{
		"Time": 10.14446508,
		"Size of IO": 131072,
		"Latency": 0.666157,
		"Kernel Time": 0.31513,
		"Driver Time": 0.28445,
		"Device Time": 0.606199
	}
, 	{
		"Time": 10.14552484,
		"Size of IO": 131072,
		"Latency": 0.744396,
		"Kernel Time": 0.23538,
		"Driver Time": 0.32864,
		"Device Time": 0.687994
	}
, 	{
		"Time": 10.14615443,
		"Size of IO": 131072,
		"Latency": 0.787868,
		"Kernel Time": 0.32700,
		"Driver Time": 0.36413,
		"Device Time": 0.718755
	}
, 	{
		"Time": 10.14678277,
		"Size of IO": 131072,
		"Latency": 0.822257,
		"Kernel Time": 0.22670,
		"Driver Time": 0.35123,
		"Device Time": 0.764464
	}
, 	{
		"Time": 10.14766634,
		"Size of IO": 122880,
		"Latency": 0.892095,
		"Kernel Time": 0.34300,
		"Driver Time": 0.98921,