{
	"records": [	{
		"Window Time": 0.0,
		"Number of IO": 116,
		"Size of IO": 59642279,
		"Latency": 0.971852,
		"Kernel Time": 0.154894,
		"Driver Time": 0.28671,
		"Device Time": 0.788286,
		"max": 0.3067192,
		"min": 0.43713,
		"var": 0.000001,
		"std": 0.000848
	}
, 	{
		"Window Time": 10.0,
		"Number of IO": 100,
		"Size of IO": 58741227,
		"Latency": 0.774335,
		"Kernel Time": 0.112275,
		"Driver Time": 0.43241,
		"Device Time": 0.618818,
		"max": 0.2147917,
		"min": 0.40034,
		"var": 0.000000,
		"std": 0.000543
	}
, 	{
		"Window Time": 20.0,
		"Number of IO": 115,
		"Size of IO": 60981532,
		"Latency": 0.836702,
		"Kernel Time": 0.130689,
		"Driver Time": 0.23037,
		"Device Time": 0.682975,
		"max": 0.2172788,
		"min": 0.29140,
		"var": 0.000000,
		"std": 0.000573
	}
, 	{
		"Window Time": 30.0,
		"Number of IO": 118,
		"Size of IO": 57102960,
		"Latency": 0.1507538,
		"Kernel Time": 0.88788,
		"Driver Time": 0.23794,
		"Device Time": 0.1394955,
		"max": 0.4730762,
		"min": 0.30492,
		"var": 0.000002,
		"std": 0.001295
	}
, 	{
		"Window Time": 40.0,
		"Number of IO": 79,
		"Size of IO": 55056876,
		"Latency": 0.589604,
		"Kernel Time": 0.104434,
		"Driver Time": 0.27257,
		"Device Time": 0.457912,
		"max": 0.2490425,
		"min": 0.26380,
		"var": 0.000000,
		"std": 0.000647
	}
, 	{
		"Window Time": 50.0,
		"Number of IO": 15,
		"Size of IO": 30338798,
		"Latency": 0.200401,
		"Kernel Time": 0.23399,
		"Driver Time": 0.68740,
		"Device Time": 0.108262,
		"max": 0.602071,
		"min": 0.45608,
		"var": 0.000000,
		"std": 0.000129
	}
, 	{
		"Window Time": 60.0,
		"Number of IO": 21,
		"Size of IO": 15079521,
		"Latency": 0.122316,
		"Kernel Time": 0.9516,
		"Driver Time": 0.53081,
		"Device Time": 0.59718,
		"max": 0.222510,
		"min": 0.46968,
		"var": 0.000000,
		"std": 0.000050
	}
, 	{
		"Window Time": 70.0,
		"Number of IO": 12,
		"Size of IO": 8912896,
		"Latency": 0.196585,
		"Kernel Time": 0.24839,
		"Driver Time": 0.81951,
		"Device Time": 0.89794,
		"max": 0.384254,
		"min": 0.80417,
		"var": 0.000000,
		"std": 0.000103
	}
, 	{
		"Window Time": 80.0,
		"Number of IO": 13,
		"Size of IO": 22100755,
		"Latency": 0.203117,
		"Kernel Time": 0.26199,
		"Driver Time": 0.93661,
		"Device Time": 0.83257,
		"max": 0.395099,
		"min": 0.131196,
		"var": 0.000000,
		"std": 0.000068
	}
, 	{
		"Window Time": 90.0,
		"Number of IO": 10,
		"Size of IO": 28730982,
		"Latency": 0.174450,
		"Kernel Time": 0.31735,
		"Driver Time": 0.64750,
		"Device Time": 0.77964,
		"max": 0.225493,
		"min": 0.126716,
		"var": 0.000000,
		"std": 0.000034
	}
, 	{
		"Window Time": 100.0,
		"Number of IO": 10,
		"Size of IO": 28311552,
		"Latency": 0.117443,
		"Kernel Time": 0.12970,
		"Driver Time": 0.29971,
		"Device Time": 0.74501,
		"max": 0.204714,
		"min": 0.52015,
		"var": 0.000000,
		"std": 0.000057
	}
, 	{
		"Window Time": 110.0,
		"Number of IO": 20,
		"Size of IO": 27158118,
		"Latency": 0.167361,
		"Kernel Time": 0.17843,
		"Driver Time": 0.56959,
		"Device Time": 0.92558,
		"max": 0.279104,
		"min": 0.105935,
		"var": 0.000000,
		"std": 0.000052
	}
, 	{
		"Window Time": 120.0,
		"Number of IO": 13,
		"Size of IO": 24681865,
		"Latency": 0.155073,
		"Kernel Time": 0.20892,
		"Driver Time": 0.69826,
		"Device Time": 0.64354,
		"max": 0.285526,
		"min": 0.43139,
		"var": 0.000000,
		"std": 0.000083
	}
, 	{
		"Window Time": 130.0,
		"Number of IO": 13,
		"Size of IO": 28230892,
		"Latency": 0.169272,
		"Kernel Time": 0.23674,
		"Driver Time": 0.74233,
		"Device Time": 0.71364,
		"max": 0.481548,
		"min": 0.87212,
		"var": 0.000000,
		"std": 0.000097
	}
, 	{
		"Window Time": 140.0,
		"Number of IO": 12,
		"Size of IO": 22369621,
		"Latency": 0.187541,
		"Kernel Time": 0.34685,
		"Driver Time": 0.84484,
		"Device Time": 0.68371,
		"max": 0.472759,
		"min": 0.89167,
		"var": 0.000000,
		"std": 0.000110
	}
, 	{
		"Window Time": 150.0,
		"Number of IO": 17,
		"Size of IO": 21464967,
		"Latency": 0.166045,
		"Kernel Time": 0.25407,
		"Driver Time": 0.68432,
		"Device Time": 0.72205,
		"max": 0.275008,
		"min": 0.100894,
		"var": 0.000000,
		"std": 0.000058
	}
, 	{
		"Window Time": 160.0,
		"Number of IO": 10,
		"Size of IO": 28311552,
		"Latency": 0.177060,
		"Kernel Time": 0.35536,
		"Driver Time": 0.59866,
		"Device Time": 0.81657,
		"max": 0.336033,
		"min": 0.90528,
		"var": 0.000000,
		"std": 0.000076
	}
, 	{
		"Window Time": 170.0,
		"Number of IO": 12,
		"Size of IO": 31457280,
		"Latency": 0.140175,
		"Kernel Time": 0.21652,
		"Driver Time": 0.51678,
		"Device Time": 0.66844,
		"max": 0.189827,
		"min": 0.104227,
		"var": 0.000000,
		"std": 0.000026
	}
, 	{
		"Window Time": 180.0,
		"Number of IO": 9,
		"Size of IO": 21437553,
		"Latency": 0.157495,
		"Kernel Time": 0.31025,
		"Driver Time": 0.53451,
		"Device Time": 0.73017,
		"max": 0.240876,
		"min": 0.102002,
		"var": 0.000000,
		"std": 0.000048
	}
, 	{
		"Window Time": 190.0,
		"Number of IO": 10,
		"Size of IO": 16777216,
		"Latency": 0.146658,
		"Kernel Time": 0.26524,
		"Driver Time": 0.42021,
		"Device Time": 0.78113,
		"max": 0.301155,
		"min": 0.41371,
		"var": 0.000000,
		"std": 0.000084
	}
, 	{
		"Window Time": 200.0,
		"Number of IO": 18,
		"Size of IO": 15845148,
		"Latency": 0.200582,
		"Kernel Time": 0.29634,
		"Driver Time": 0.107685,
		"Device Time": 0.63261,
		"max": 0.797444,
		"min": 0.53508,
		"var": 0.000000,
		"std": 0.000159
	}
, 	{
		"Window Time": 210.0,
		"Number of IO": 15,
		"Size of IO": 14680064,
		"Latency": 0.130926,
		"Kernel Time": 0.22635,
		"Driver Time": 0.57910,
		"Device Time": 0.50379,
		"max": 0.204350,
		"min": 0.49921,
		"var": 0.000000,
		"std": 0.000048
	}
, 	{
		"Window Time": 220.0,
		"Number of IO": 21,
		"Size of IO": 13481691,
		"Latency": 0.200858,
		"Kernel Time": 0.19848,
		"Driver Time": 0.102793,
		"Device Time": 0.78215,
		"max": 0.370578,
		"min": 0.54479,
		"var": 0.000000,
		"std": 0.000089
	}
, 	{
		"Window Time": 230.0,
		"Number of IO": 15,
		"Size of IO": 25165824,
		"Latency": 0.190539,
		"Kernel Time": 0.16642,
		"Driver Time": 0.55342,
		"Device Time": 0.118554,
		"max": 0.408724,
		"min": 0.39467,
		"var": 0.000000,
		"std": 0.000121
	}
, 	{
		"Window Time": 240.0,
		"Number of IO": 12,
		"Size of IO": 23592960,
		"Latency": 0.161901,
		"Kernel Time": 0.27442,
		"Driver Time": 0.56352,
		"Device Time": 0.78106,
		"max": 0.279089,
		"min": 0.106565,
		"var": 0.000000,
		"std": 0.000055
	}
, 	{
		"Window Time": 250.0,
		"Number of IO": 11,
		"Size of IO": 26309725,
		"Latency": 0.153738,
		"Kernel Time": 0.28708,
		"Driver Time": 0.51344,
		"Device Time": 0.73684,
		"max": 0.227562,
		"min": 0.41953,
		"var": 0.000000,
		"std": 0.000058
	}
, 	{
		"Window Time": 260.0,
		"Number of IO": 13,
		"Size of IO": 34038390,
		"Latency": 0.158468,
		"Kernel Time": 0.13534,
		"Driver Time": 0.29493,
		"Device Time": 0.115439,
		"max": 0.274680,
		"min": 0.46015,
		"var": 0.000000,
		"std": 0.000075
	}
, 	{
		"Window Time": 270.0,
		"Number of IO": 15,
		"Size of IO": 21810380,
		"Latency": 0.155597,
		"Kernel Time": 0.28342,
		"Driver Time": 0.52551,
		"Device Time": 0.74702,
		"max": 0.285141,
		"min": 0.98430,
		"var": 0.000000,
		"std": 0.000058
	}
, 	{
		"Window Time": 280.0,
		"Number of IO": 12,
		"Size of IO": 31632042,
		"Latency": 0.158515,
		"Kernel Time": 0.23410,
		"Driver Time": 0.60160,
		"Device Time": 0.74944,
		"max": 0.233326,
		"min": 0.107056,
		"var": 0.000000,
		"std": 0.000031
	}
, 	{
		"Window Time": 290.0,
		"Number of IO": 11,
		"Size of IO": 17539816,
		"Latency": 0.126989,
		"Kernel Time": 0.23405,
		"Driver Time": 0.49726,
		"Device Time": 0.53857,
		"max": 0.211601,
		"min": 0.49978,
		"var": 0.000000,
		"std": 0.000048
	}
, 	{
		"Window Time": 300.0,
		"Number of IO": 15,
		"Size of IO": 26284305,
		"Latency": 0.159640,
		"Kernel Time": 0.20970,
		"Driver Time": 0.57967,
		"Device Time": 0.80702,
		"max": 0.318991,
		"min": 0.79803,
		"var": 0.000000,
		"std": 0.000060
	}
, 	{
		"Window Time": 310.0,
		"Number of IO": 17,