{
	"records": [	{
		"Window Time": 0.0,
		"Number of IO": 117,
		"Size of IO": 59347609,
		"Latency": 0.863504,
		"Kernel Time": 0.122977,
		"Driver Time": 0.33629,
		"Device Time": 0.706897,
		"max": 0.2479779,
		"min": 0.17531,
		"var": 0.000000,
		"std": 0.000643
	}
, 	{
		"Window Time": 10.0,
		"Number of IO": 102,
		"Size of IO": 60118357,
		"Latency": 0.1042130,
		"Kernel Time": 0.100995,
		"Driver Time": 0.27328,
		"Device Time": 0.913807,
		"max": 0.2458759,
		"min": 0.19003,
		"var": 0.000000,
		"std": 0.000662
	}
, 	{
		"Window Time": 20.0,
		"Number of IO": 112,
		"Size of IO": 62053229,
		"Latency": 0.1001161,
		"Kernel Time": 0.110230,
		"Driver Time": 0.20355,
		"Device Time": 0.870575,
		"max": 0.2653879,
		"min": 0.18279,
		"var": 0.000000,
		"std": 0.000639
	}
, 	{
		"Window Time": 30.0,
		"Number of IO": 124,
		"Size of IO": 58821731,
		"Latency": 0.1169100,
		"Kernel Time": 0.134311,
		"Driver Time": 0.30954,
		"Device Time": 0.1003833,
		"max": 0.4008485,
		"min": 0.19200,
		"var": 0.000001,
		"std": 0.001038
	}
, 	{
		"Window Time": 40.0,
		"Number of IO": 73,
		"Size of IO": 56967841,
		"Latency": 0.895645,
		"Kernel Time": 0.96564,
		"Driver Time": 0.24968,
		"Device Time": 0.774112,
		"max": 0.2638907,
		"min": 0.19095,
		"var": 0.000001,
		"std": 0.000786
	}
, 	{
		"Window Time": 50.0,
		"Number of IO": 10,
		"Size of IO": 24536678,
		"Latency": 0.124694,
		"Kernel Time": 0.26853,
		"Driver Time": 0.30886,
		"Device Time": 0.66955,
		"max": 0.215319,
		"min": 0.40329,
		"var": 0.000000,
		"std": 0.000065
	}
, 	{
		"Window Time": 60.0,
		"Number of IO": 8,
		"Size of IO": 34078720,
		"Latency": 0.173712,
		"Kernel Time": 0.25533,
		"Driver Time": 0.52388,
		"Device Time": 0.95790,
		"max": 0.294161,
		"min": 0.53654,
		"var": 0.000000,
		"std": 0.000073
	}
, 	{
		"Window Time": 70.0,
		"Number of IO": 23,
		"Size of IO": 17597840,
		"Latency": 0.143816,
		"Kernel Time": 0.9816,
		"Driver Time": 0.45204,
		"Device Time": 0.88795,
		"max": 0.306332,
		"min": 0.17728,
		"var": 0.000000,
		"std": 0.000078
	}
, 	{
		"Window Time": 80.0,
		"Number of IO": 10,
		"Size of IO": 25794969,
		"Latency": 0.151813,
		"Kernel Time": 0.32841,
		"Driver Time": 0.61539,
		"Device Time": 0.57431,
		"max": 0.359777,
		"min": 0.23236,
		"var": 0.000000,
		"std": 0.000097
	}
, 	{
		"Window Time": 90.0,
		"Number of IO": 10,
		"Size of IO": 35022438,
		"Latency": 0.172296,
		"Kernel Time": 0.37292,
		"Driver Time": 0.50071,
		"Device Time": 0.84933,
		"max": 0.268343,
		"min": 0.47391,
		"var": 0.000000,
		"std": 0.000075
	}
, 	{
		"Window Time": 100.0,
		"Number of IO": 11,
		"Size of IO": 26309725,
		"Latency": 0.170854,
		"Kernel Time": 0.23579,
		"Driver Time": 0.77692,
		"Device Time": 0.69583,
		"max": 0.347643,
		"min": 0.27940,
		"var": 0.000000,
		"std": 0.000110
	}
, 	{
		"Window Time": 110.0,
		"Number of IO": 14,
		"Size of IO": 21121316,
		"Latency": 0.188475,
		"Kernel Time": 0.27313,
		"Driver Time": 0.65464,
		"Device Time": 0.95697,
		"max": 0.281075,
		"min": 0.39548,
		"var": 0.000000,
		"std": 0.000065
	}
, 	{
		"Window Time": 120.0,
		"Number of IO": 14,
		"Size of IO": 28311552,
		"Latency": 0.148578,
		"Kernel Time": 0.26726,
		"Driver Time": 0.45347,
		"Device Time": 0.76504,
		"max": 0.284345,
		"min": 0.37339,
		"var": 0.000000,
		"std": 0.000068
	}
, 	{
		"Window Time": 130.0,
		"Number of IO": 7,
		"Size of IO": 26663789,
		"Latency": 0.158402,
		"Kernel Time": 0.31531,
		"Driver Time": 0.29521,
		"Device Time": 0.97350,
		"max": 0.291284,
		"min": 0.39750,
		"var": 0.000000,
		"std": 0.000094
	}
, 	{
		"Window Time": 140.0,
		"Number of IO": 12,
		"Size of IO": 17651029,
		"Latency": 0.131598,
		"Kernel Time": 0.25814,
		"Driver Time": 0.37822,
		"Device Time": 0.67961,
		"max": 0.194324,
		"min": 0.48066,
		"var": 0.000000,
		"std": 0.000047
	}
, 	{
		"Window Time": 150.0,
		"Number of IO": 13,
		"Size of IO": 21778116,
		"Latency": 0.163325,
		"Kernel Time": 0.26358,
		"Driver Time": 0.65038,
		"Device Time": 0.71928,
		"max": 0.326162,
		"min": 0.48160,
		"var": 0.000000,
		"std": 0.000085
	}
, 	{
		"Window Time": 160.0,
		"Number of IO": 8,
		"Size of IO": 34865152,
		"Latency": 0.147747,
		"Kernel Time": 0.31840,
		"Driver Time": 0.32985,
		"Device Time": 0.82922,
		"max": 0.253426,
		"min": 0.41268,
		"var": 0.000000,
		"std": 0.000073
	}
, 	{
		"Window Time": 170.0,
		"Number of IO": 11,
		"Size of IO": 27072325,
		"Latency": 0.132305,
		"Kernel Time": 0.22582,
		"Driver Time": 0.39740,
		"Device Time": 0.69983,
		"max": 0.289262,
		"min": 0.48884,
		"var": 0.000000,
		"std": 0.000073
	}
, 	{
		"Window Time": 180.0,
		"Number of IO": 13,
		"Size of IO": 25811101,
		"Latency": 0.132869,
		"Kernel Time": 0.16362,
		"Driver Time": 0.30141,
		"Device Time": 0.86365,
		"max": 0.242364,
		"min": 0.45441,
		"var": 0.000000,
		"std": 0.000057
	}
, 	{
		"Window Time": 190.0,
		"Number of IO": 10,
		"Size of IO": 17196646,
		"Latency": 0.116299,
		"Kernel Time": 0.28215,
		"Driver Time": 0.24761,
		"Device Time": 0.63321,
		"max": 0.200001,
		"min": 0.31569,
		"var": 0.000000,
		"std": 0.000057
	}
, 	{
		"Window Time": 200.0,
		"Number of IO": 11,
		"Size of IO": 29360128,
		"Latency": 0.129696,
		"Kernel Time": 0.29571,
		"Driver Time": 0.31814,
		"Device Time": 0.68309,
		"max": 0.207367,
		"min": 0.40019,
		"var": 0.000000,
		"std": 0.000055
	}
, 	{
		"Window Time": 210.0,
		"Number of IO": 25,
		"Size of IO": 13086228,
		"Latency": 0.154283,
		"Kernel Time": 0.21147,
		"Driver Time": 0.61502,
		"Device Time": 0.71634,
		"max": 0.277819,
		"min": 0.39268,
		"var": 0.000000,
		"std": 0.000073
	}
, 	{
		"Window Time": 220.0,
		"Number of IO": 11,
		"Size of IO": 31266629,
		"Latency": 0.169630,
		"Kernel Time": 0.20679,
		"Driver Time": 0.39850,
		"Device Time": 0.109100,
		"max": 0.276346,
		"min": 0.39180,
		"var": 0.000000,
		"std": 0.000088
	}
, 	{
		"Window Time": 230.0,
		"Number of IO": 7,
		"Size of IO": 30858093,
		"Latency": 0.128903,
		"Kernel Time": 0.29565,
		"Driver Time": 0.25843,
		"Device Time": 0.73494,
		"max": 0.232209,
		"min": 0.21890,
		"var": 0.000000,
		"std": 0.000085
	}
, 	{
		"Window Time": 240.0,
		"Number of IO": 8,
		"Size of IO": 33030144,
		"Latency": 0.125082,
		"Kernel Time": 0.30121,
		"Driver Time": 0.29942,
		"Device Time": 0.65018,
		"max": 0.195286,
		"min": 0.40685,
		"var": 0.000000,
		"std": 0.000058
	}
, 	{
		"Window Time": 250.0,
		"Number of IO": 12,
		"Size of IO": 23592960,
		"Latency": 0.136482,
		"Kernel Time": 0.24085,
		"Driver Time": 0.38139,
		"Device Time": 0.74257,
		"max": 0.240551,
		"min": 0.38489,
		"var": 0.000000,
		"std": 0.000067
	}
, 	{
		"Window Time": 260.0,
		"Number of IO": 8,
		"Size of IO": 28311552,
		"Latency": 0.167266,
		"Kernel Time": 0.30090,
		"Driver Time": 0.26865,
		"Device Time": 0.110310,
		"max": 0.297128,
		"min": 0.43527,
		"var": 0.000000,
		"std": 0.000098
	}
, 	{
		"Window Time": 270.0,
		"Number of IO": 10,
		"Size of IO": 39426457,
		"Latency": 0.129682,
		"Kernel Time": 0.11238,
		"Driver Time": 0.11720,
		"Device Time": 0.106723,
		"max": 0.284263,
		"min": 0.18455,
		"var": 0.000000,
		"std": 0.000085
	}
, 	{
		"Window Time": 280.0,
		"Number of IO": 10,
		"Size of IO": 29779558,
		"Latency": 0.143968,
		"Kernel Time": 0.31671,
		"Driver Time": 0.36849,
		"Device Time": 0.75447,
		"max": 0.201546,
		"min": 0.39084,
		"var": 0.000000,
		"std": 0.000056
	}
, 	{
		"Window Time": 290.0,
		"Number of IO": 12,
		"Size of IO": 22194858,
		"Latency": 0.168731,
		"Kernel Time": 0.29620,
		"Driver Time": 0.72382,
		"Device Time": 0.66729,
		"max": 0.498345,
		"min": 0.43919,
		"var": 0.000000,
		"std": 0.000115
	}
, 	{
		"Window Time": 300.0,
		"Number of IO": 11,
		"Size of IO": 34126382,
		"Latency": 0.148495,
		"Kernel Time": 0.13391,
		"Driver Time": 0.26408,
		"Device Time": 0.108695,
		"max": 0.292108,
		"min": 0.18784,
		"var": 0.000000,
		"std": 0.000091
	}
, 	{
		"Window Time": 310.0,
		"Number of IO": 8,