{
	"records": [	{
		"Window Time": 0.0,
		"Number of IO": 50,
		"Size of IO": 51044679,
		"Latency": 0.259643,
		"Kernel Time": 0.51664,
		"Driver Time": 0.90706,
		"Device Time": 0.117272,
		"max": 0.2066670,
		"min": 0.24423,
		"var": 0.000000,
		"std": 0.000276
	}
, 	{
		"Window Time": 10.0,
		"Number of IO": 115,
		"Size of IO": 59905602,
		"Latency": 0.1019288,
		"Kernel Time": 0.102431,
		"Driver Time": 0.44176,
		"Device Time": 0.872680,
		"max": 0.2301971,
		"min": 0.19346,
		"var": 0.000000,
		"std": 0.000576
	}
, 	{
		"Window Time": 20.0,
		"Number of IO": 57,
		"Size of IO": 59713643,
		"Latency": 0.880232,
		"Kernel Time": 0.107190,
		"Driver Time": 0.57268,
		"Device Time": 0.715773,
		"max": 0.2531980,
		"min": 0.44245,
		"var": 0.000001,
		"std": 0.000766
	}
, 	{
		"Window Time": 30.0,
		"Number of IO": 8,
		"Size of IO": 2097152,
		"Latency": 0.247252,
		"Kernel Time": 0.11892,
		"Driver Time": 0.138200,
		"Device Time": 0.97159,
		"max": 0.304837,
		"min": 0.90891,
		"var": 0.000000,
		"std": 0.000061
	}
]}