{
	"records": [	{
		"Window Time": 0.0,
		"Number of IO": 122,
		"Size of IO": 57809198,
		"Latency": 0.434130,
		"Kernel Time": 0.33604,
		"Driver Time": 0.48994,
		"Device Time": 0.351531,
		"max": 0.2058953,
		"min": 0.25040,
		"var": 0.000000,
		"std": 0.000439
	}
, 	{
		"Window Time": 10.0,
		"Number of IO": 145,
		"Size of IO": 59269854,
		"Latency": 0.951064,
		"Kernel Time": 0.51419,
		"Driver Time": 0.51338,
		"Device Time": 0.848307,
		"max": 0.3232586,
		"min": 0.20981,
		"var": 0.000001,
		"std": 0.000854
	}
, 	{
		"Window Time": 20.0,
		"Number of IO": 70,
		"Size of IO": 54286277,
		"Latency": 0.292331,
		"Kernel Time": 0.34106,
		"Driver Time": 0.100087,
		"Device Time": 0.158137,
		"max": 0.1306890,
		"min": 0.45168,
		"var": 0.000000,
		"std": 0.000188
	}
, 	{
		"Window Time": 30.0,
		"Number of IO": 36,
		"Size of IO": 36641905,
		"Latency": 0.275191,
		"Kernel Time": 0.42537,
		"Driver Time": 0.106771,
		"Device Time": 0.125882,
		"max": 0.1543813,
		"min": 0.60301,
		"var": 0.000000,
		"std": 0.000239
	}
, 	{
		"Window Time": 40.0,
		"Number of IO": 25,
		"Size of IO": 40265318,
		"Latency": 0.265132,
		"Kernel Time": 0.49899,
		"Driver Time": 0.55224,
		"Device Time": 0.160008,
		"max": 0.560329,
		"min": 0.63520,
		"var": 0.000000,
		"std": 0.000138
	}
, 	{
		"Window Time": 50.0,
		"Number of IO": 24,
		"Size of IO": 45962581,
		"Latency": 0.240989,
		"Kernel Time": 0.44370,
		"Driver Time": 0.50094,
		"Device Time": 0.146524,
		"max": 0.491096,
		"min": 0.47428,
		"var": 0.000000,
		"std": 0.000120
	}
, 	{
		"Window Time": 60.0,
		"Number of IO": 18,
		"Size of IO": 20039452,
		"Latency": 0.97287,
		"Kernel Time": 0.11775,
		"Driver Time": 0.26425,
		"Device Time": 0.59086,
		"max": 0.227397,
		"min": 0.26858,
		"var": 0.000000,
		"std": 0.000061
	}
, 	{
		"Window Time": 70.0,
		"Number of IO": 30,
		"Size of IO": 33484526,
		"Latency": 0.211860,
		"Kernel Time": 0.24830,
		"Driver Time": 0.49217,
		"Device Time": 0.137811,
		"max": 0.380982,
		"min": 0.49261,
		"var": 0.000000,
		"std": 0.000087
	}
, 	{
		"Window Time": 80.0,
		"Number of IO": 22,
		"Size of IO": 40894464,
		"Latency": 0.203892,
		"Kernel Time": 0.47122,
		"Driver Time": 0.40418,
		"Device Time": 0.116351,
		"max": 0.403960,
		"min": 0.48847,
		"var": 0.000000,
		"std": 0.000094
	}
, 	{
		"Window Time": 90.0,
		"Number of IO": 20,
		"Size of IO": 51485081,
		"Latency": 0.255898,
		"Kernel Time": 0.42600,
		"Driver Time": 0.53872,
		"Device Time": 0.159425,
		"max": 0.430376,
		"min": 0.53162,
		"var": 0.000000,
		"std": 0.000108
	}
]}