{
	"records": [	{
		"Window Time": 0.0,
		"Number of IO": 117,
		"Size of IO": 57035364,
		"Latency": 0.614353,
		"Kernel Time": 0.73189,
		"Driver Time": 0.44072,
		"Device Time": 0.497091,
		"max": 0.1818309,
		"min": 0.20149,
		"var": 0.000000,
		"std": 0.000409
	}
, 	{
		"Window Time": 10.0,
		"Number of IO": 126,
		"Size of IO": 59119713,
		"Latency": 0.918371,
		"Kernel Time": 0.83327,
		"Driver Time": 0.36631,
		"Device Time": 0.798412,
		"max": 0.2754681,
		"min": 0.19054,
		"var": 0.000000,
		"std": 0.000640
	}
, 	{
		"Window Time": 20.0,
		"Number of IO": 80,
		"Size of IO": 58379468,
		"Latency": 0.784861,
		"Kernel Time": 0.61430,
		"Driver Time": 0.24277,
		"Device Time": 0.699153,
		"max": 0.2373520,
		"min": 0.20291,
		"var": 0.000000,
		"std": 0.000656
	}
, 	{
		"Window Time": 30.0,
		"Number of IO": 38,
		"Size of IO": 53256623,
		"Latency": 0.381898,
		"Kernel Time": 0.42655,
		"Driver Time": 0.133062,
		"Device Time": 0.206180,
		"max": 0.3629490,
		"min": 0.46576,
		"var": 0.000000,
		"std": 0.000552
	}
, 	{
		"Window Time": 40.0,
		"Number of IO": 21,
		"Size of IO": 21470841,
		"Latency": 0.193171,
		"Kernel Time": 0.23127,
		"Driver Time": 0.74473,
		"Device Time": 0.95570,
		"max": 0.321696,
		"min": 0.24102,
		"var": 0.000000,
		"std": 0.000086
	}
, 	{
		"Window Time": 50.0,
		"Number of IO": 17,
		"Size of IO": 36761840,
		"Latency": 0.294726,
		"Kernel Time": 0.54934,
		"Driver Time": 0.152026,
		"Device Time": 0.87765,
		"max": 0.1937993,
		"min": 0.40327,
		"var": 0.000000,
		"std": 0.000427
	}
, 	{
		"Window Time": 60.0,
		"Number of IO": 37,
		"Size of IO": 43133315,
		"Latency": 0.271140,
		"Kernel Time": 0.29921,
		"Driver Time": 0.75970,
		"Device Time": 0.165249,
		"max": 0.1012224,
		"min": 0.22766,
		"var": 0.000000,
		"std": 0.000214
	}
, 	{
		"Window Time": 70.0,
		"Number of IO": 32,
		"Size of IO": 34668544,
		"Latency": 0.205346,
		"Kernel Time": 0.22325,
		"Driver Time": 0.45117,
		"Device Time": 0.137903,
		"max": 0.447326,
		"min": 0.21490,
		"var": 0.000000,
		"std": 0.000125
	}
, 	{
		"Window Time": 80.0,
		"Number of IO": 25,
		"Size of IO": 46221230,
		"Latency": 0.319661,
		"Kernel Time": 0.39044,
		"Driver Time": 0.74856,
		"Device Time": 0.205759,
		"max": 0.1026082,
		"min": 0.42457,
		"var": 0.000000,
		"std": 0.000221
	}
, 	{
		"Window Time": 90.0,
		"Number of IO": 20,
		"Size of IO": 46347059,
		"Latency": 0.253340,
		"Kernel Time": 0.43704,
		"Driver Time": 0.70184,
		"Device Time": 0.139451,
		"max": 0.588706,
		"min": 0.40279,
		"var": 0.000000,
		"std": 0.000143
	}
, 	{
		"Window Time": 100.0,
		"Number of IO": 8,
		"Size of IO": 19660800,
		"Latency": 0.145263,
		"Kernel Time": 0.29597,
		"Driver Time": 0.34635,
		"Device Time": 0.81031,
		"max": 0.252285,
		"min": 0.38769,
		"var": 0.000000,
		"std": 0.000062
	}
]}