{
	"records": [	{
		"Window Time": 0.0,
		"Number of IO": 5,
		"Size of IO": 22649241,
		"Latency": 0.103621,
		"Kernel Time": 0.13091,
		"Driver Time": 0.39205,
		"Device Time": 0.51324,
		"max": 0.186883,
		"min": 0.28552,
		"var": 0.000000,
		"std": 0.000052
	}
, 	{
		"Window Time": 10.0,
		"Number of IO": 138,
		"Size of IO": 24390789,
		"Latency": 0.228968,
		"Kernel Time": 0.11033,
		"Driver Time": 0.12473,
		"Device Time": 0.205461,
		"max": 0.1521780,
		"min": 0.19275,
		"var": 0.000000,
		"std": 0.000292
	}
, 	{
		"Window Time": 20.0,
		"Number of IO": 130,
		"Size of IO": 56510180,
		"Latency": 0.1134179,
		"Kernel Time": 0.44554,
		"Driver Time": 0.45366,
		"Device Time": 0.1044258,
		"max": 0.3747924,
		"min": 0.18208,
		"var": 0.000001,
		"std": 0.001101
	}
, 	{
		"Window Time": 30.0,
		"Number of IO": 222,
		"Size of IO": 60467882,
		"Latency": 0.1054268,
		"Kernel Time": 0.64757,
		"Driver Time": 0.44440,
		"Device Time": 0.945070,
		"max": 0.2865986,
		"min": 0.19987,
		"var": 0.000001,
		"std": 0.000734
	}
, 	{
		"Window Time": 40.0,
		"Number of IO": 178,
		"Size of IO": 56234306,
		"Latency": 0.868037,
		"Kernel Time": 0.81597,
		"Driver Time": 0.31660,
		"Device Time": 0.754779,
		"max": 0.2496469,
		"min": 0.19554,
		"var": 0.000000,
		"std": 0.000663
	}
, 	{
		"Window Time": 50.0,
		"Number of IO": 209,
		"Size of IO": 60175217,
		"Latency": 0.1214795,
		"Kernel Time": 0.127812,
		"Driver Time": 0.43112,
		"Device Time": 0.1043870,
		"max": 0.4292354,
		"min": 0.18318,
		"var": 0.000001,
		"std": 0.000974
	}
, 	{
		"Window Time": 60.0,
		"Number of IO": 171,
		"Size of IO": 61553250,
		"Latency": 0.1128832,
		"Kernel Time": 0.135158,
		"Driver Time": 0.36108,
		"Device Time": 0.957565,
		"max": 0.4111915,
		"min": 0.19299,
		"var": 0.000001,
		"std": 0.000860
	}
, 	{
		"Window Time": 70.0,
		"Number of IO": 171,
		"Size of IO": 57628755,
		"Latency": 0.1554543,
		"Kernel Time": 0.92386,
		"Driver Time": 0.38196,
		"Device Time": 0.1423960,
		"max": 0.3575788,
		"min": 0.18965,
		"var": 0.000001,
		"std": 0.001100
	}
, 	{
		"Window Time": 80.0,
		"Number of IO": 65,
		"Size of IO": 53074077,
		"Latency": 0.506736,
		"Kernel Time": 0.25813,
		"Driver Time": 0.39516,
		"Device Time": 0.441407,
		"max": 0.2156181,
		"min": 0.19036,
		"var": 0.000000,
		"std": 0.000485
	}
, 	{
		"Window Time": 90.0,
		"Number of IO": 153,
		"Size of IO": 61393096,
		"Latency": 0.1299706,
		"Kernel Time": 0.90341,
		"Driver Time": 0.29935,
		"Device Time": 0.1179429,
		"max": 0.4346140,
		"min": 0.18726,
		"var": 0.000001,
		"std": 0.001039
	}
, 	{
		"Window Time": 100.0,
		"Number of IO": 190,
		"Size of IO": 60364864,
		"Latency": 0.974257,
		"Kernel Time": 0.108517,
		"Driver Time": 0.41296,
		"Device Time": 0.824442,
		"max": 0.2900598,
		"min": 0.20285,
		"var": 0.000000,
		"std": 0.000669
	}
, 	{
		"Window Time": 110.0,
		"Number of IO": 154,
		"Size of IO": 58475134,
		"Latency": 0.994837,
		"Kernel Time": 0.140229,
		"Driver Time": 0.15379,
		"Device Time": 0.839228,
		"max": 0.3908213,
		"min": 0.20789,
		"var": 0.000001,
		"std": 0.000865
	}
, 	{
		"Window Time": 120.0,
		"Number of IO": 159,
		"Size of IO": 58957669,
		"Latency": 0.1064809,
		"Kernel Time": 0.127360,
		"Driver Time": 0.33507,
		"Device Time": 0.903941,
		"max": 0.2869445,
		"min": 0.20125,
		"var": 0.000001,
		"std": 0.000794
	}
, 	{
		"Window Time": 130.0,
		"Number of IO": 170,
		"Size of IO": 61458889,
		"Latency": 0.941016,
		"Kernel Time": 0.111648,
		"Driver Time": 0.30799,
		"Device Time": 0.798568,
		"max": 0.3320673,
		"min": 0.21682,
		"var": 0.000001,
		"std": 0.000804
	}
, 	{
		"Window Time": 140.0,
		"Number of IO": 70,
		"Size of IO": 45508198,
		"Latency": 0.555236,
		"Kernel Time": 0.37587,
		"Driver Time": 0.14383,
		"Device Time": 0.503265,
		"max": 0.2288120,
		"min": 0.18143,
		"var": 0.000000,
		"std": 0.000574
	}
, 	{
		"Window Time": 150.0,
		"Number of IO": 32,
		"Size of IO": 46923776,
		"Latency": 0.255560,
		"Kernel Time": 0.9672,
		"Driver Time": 0.12475,
		"Device Time": 0.233412,
		"max": 0.746031,
		"min": 0.19286,
		"var": 0.000000,
		"std": 0.000224
	}
, 	{
		"Window Time": 160.0,
		"Number of IO": 34,
		"Size of IO": 45150448,
		"Latency": 0.464624,
		"Kernel Time": 0.37454,
		"Driver Time": 0.81519,
		"Device Time": 0.345650,
		"max": 0.1284440,
		"min": 0.17403,
		"var": 0.000000,
		"std": 0.000352
	}
, 	{
		"Window Time": 170.0,
		"Number of IO": 35,
		"Size of IO": 40025643,
		"Latency": 0.393468,
		"Kernel Time": 0.38041,
		"Driver Time": 0.53056,
		"Device Time": 0.302371,
		"max": 0.1416302,
		"min": 0.19202,
		"var": 0.000000,
		"std": 0.000351
	}
, 	{
		"Window Time": 180.0,
		"Number of IO": 31,
		"Size of IO": 38763486,
		"Latency": 0.290292,
		"Kernel Time": 0.20301,
		"Driver Time": 0.95810,
		"Device Time": 0.174181,
		"max": 0.1802755,
		"min": 0.34847,
		"var": 0.000000,
		"std": 0.000330
	}
, 	{
		"Window Time": 190.0,
		"Number of IO": 25,
		"Size of IO": 46640660,
		"Latency": 0.391422,
		"Kernel Time": 0.33017,
		"Driver Time": 0.9911,
		"Device Time": 0.348493,
		"max": 0.955212,
		"min": 0.19022,
		"var": 0.000000,
		"std": 0.000313
	}
, 	{
		"Window Time": 200.0,
		"Number of IO": 27,
		"Size of IO": 47224756,
		"Latency": 0.372861,
		"Kernel Time": 0.31110,
		"Driver Time": 0.10820,
		"Device Time": 0.330930,
		"max": 0.926061,
		"min": 0.19400,
		"var": 0.000000,
		"std": 0.000307
	}
, 	{
		"Window Time": 210.0,
		"Number of IO": 33,
		"Size of IO": 45120543,
		"Latency": 0.244841,
		"Kernel Time": 0.12767,
		"Driver Time": 0.16309,
		"Device Time": 0.215764,
		"max": 0.687819,
		"min": 0.19267,
		"var": 0.000000,
		"std": 0.000195
	}
, 	{
		"Window Time": 220.0,
		"Number of IO": 24,
		"Size of IO": 42729472,
		"Latency": 0.299914,
		"Kernel Time": 0.10416,
		"Driver Time": 0.11427,
		"Device Time": 0.278070,
		"max": 0.740188,
		"min": 0.20529,
		"var": 0.000000,
		"std": 0.000224
	}
, 	{
		"Window Time": 230.0,
		"Number of IO": 46,
		"Size of IO": 45954982,
		"Latency": 0.386108,
		"Kernel Time": 0.38062,
		"Driver Time": 0.20847,
		"Device Time": 0.327198,
		"max": 0.1146508,
		"min": 0.18325,
		"var": 0.000000,
		"std": 0.000327
	}
, 	{
		"Window Time": 240.0,
		"Number of IO": 34,
		"Size of IO": 37625374,
		"Latency": 0.322126,
		"Kernel Time": 0.39089,
		"Driver Time": 0.14567,
		"Device Time": 0.268470,
		"max": 0.967768,
		"min": 0.21290,
		"var": 0.000000,
		"std": 0.000310
	}
, 	{
		"Window Time": 250.0,
		"Number of IO": 24,
		"Size of IO": 41855658,
		"Latency": 0.381519,
		"Kernel Time": 0.11021,
		"Driver Time": 0.45840,
		"Device Time": 0.324658,
		"max": 0.957279,
		"min": 0.17051,
		"var": 0.000000,
		"std": 0.000327
	}
, 	{
		"Window Time": 260.0,
		"Number of IO": 31,
		"Size of IO": 44581392,
		"Latency": 0.294261,
		"Kernel Time": 0.9764,
		"Driver Time": 0.9565,
		"Device Time": 0.274932,
		"max": 0.858885,
		"min": 0.18273,
		"var": 0.000000,
		"std": 0.000258
	}
, 	{
		"Window Time": 270.0,
		"Number of IO": 22,
		"Size of IO": 38701986,
		"Latency": 0.214908,
		"Kernel Time": 0.8327,
		"Driver Time": 0.19128,
		"Device Time": 0.187453,
		"max": 0.485306,
		"min": 0.20602,
		"var": 0.000000,
		"std": 0.000164
	}
, 	{
		"Window Time": 280.0,
		"Number of IO": 30,
		"Size of IO": 39146837,
		"Latency": 0.331422,
		"Kernel Time": 0.26667,
		"Driver Time": 0.32508,
		"Device Time": 0.272246,
		"max": 0.897727,
		"min": 0.18883,
		"var": 0.000000,
		"std": 0.000286
	}
, 	{
		"Window Time": 290.0,
		"Number of IO": 30,
		"Size of IO": 40055603,
		"Latency": 0.330337,
		"Kernel Time": 0.10161,
		"Driver Time": 0.43802,
		"Device Time": 0.276374,
		"max": 0.928107,
		"min": 0.29429,
		"var": 0.000000,
		"std": 0.000299
	}
, 	{
		"Window Time": 300.0,
		"Number of IO": 27,
		"Size of IO": 41787695,
		"Latency": 0.279144,
		"Kernel Time": 0.10201,
		"Driver Time": 0.52601,
		"Device Time": 0.216342,
		"max": 0.654794,
		"min": 0.19097,
		"var": 0.000000,