{
	"records": [	{
		"Time": 0.100171,
		"Size of IO": 32768,
		"Latency": 0.100171,
		"Kernel Time": 0.26253,
		"Driver Time": 0.22486,
		"Device Time": 0.51432
	}
, 	{
		"Time": 0.310275,
		"Size of IO": 16384,
		"Latency": 0.108781,
		"Kernel Time": 0.20618,
		"Driver Time": 0.45193,
		"Device Time": 0.42970
	}
, 	{
		"Time": 0.395578,
		"Size of IO": 4096,
		"Latency": 0.41285,
		"Kernel Time": 0.8566,
		"Driver Time": 0.5862,
		"Device Time": 0.26857
	}
, 	{
		"Time": 1.299955450,
		"Size of IO": 8192,
		"Latency": 0.104083,
		"Kernel Time": 0.28240,
		"Driver Time": 0.38187,
		"Device Time": 0.37656
	}
, 	{
		"Time": 1.300038297,
		"Size of IO": 4096,
		"Latency": 0.40366,
		"Kernel Time": 0.8532,
		"Driver Time": 0.5896,
		"Device Time": 0.25938
	}
, 	{
		"Time": 1.855003472,
		"Size of IO": 24576,
		"Latency": 0.106484,
		"Kernel Time": 0.38452,
		"Driver Time": 0.24906,
		"Device Time": 0.43126
	}
, 	{
		"Time": 6.718940544,
		"Size of IO": 4096,
		"Latency": 0.217289,
		"Kernel Time": 0.38728,
		"Driver Time": 0.140239,
		"Device Time": 0.38322
	}
, 	{
		"Time": 6.719075780,
		"Size of IO": 16384,
		"Latency": 0.87716,
		"Kernel Time": 0.8217,
		"Driver Time": 0.41323,
		"Device Time": 0.38176
	}
, 	{
		"Time": 6.719140233,
		"Size of IO": 4096,
		"Latency": 0.38452,
		"Kernel Time": 0.7905,
		"Driver Time": 0.5081,
		"Device Time": 0.25466
	}
, 	{
		"Time": 6.879006363,
		"Size of IO": 53248,
		"Latency": 0.108553,
		"Kernel Time": 0.28036,
		"Driver Time": 0.21183,
		"Device Time": 0.59334
	}
, 	{
		"Time": 10.7050940,
		"Size of IO": 36864,
		"Latency": 0.57165,
		"Kernel Time": 0.9000,
		"Driver Time": 0.9229,
		"Device Time": 0.38936
	}
, 	{
		"Time": 10.7122688,
		"Size of IO": 16384,
		"Latency": 0.44551,
		"Kernel Time": 0.5367,
		"Driver Time": 0.12843,
		"Device Time": 0.26341
	}
, 	{
		"Time": 10.7155144,
		"Size of IO": 4096,
		"Latency": 0.19670,
		"Kernel Time": 0.2397,
		"Driver Time": 0.1491,
		"Device Time": 0.15782
	}
, 	{
		"Time": 11.300603864,
		"Size of IO": 8192,
		"Latency": 0.99202,
		"Kernel Time": 0.21900,
		"Driver Time": 0.35159,
		"Device Time": 0.42143
	}
, 	{
		"Time": 11.300695925,
		"Size of IO": 4096,
		"Latency": 0.53300,
		"Kernel Time": 0.18792,
		"Driver Time": 0.6202,
		"Device Time": 0.28306
	}
, 	{
		"Time": 11.902971277,
		"Size of IO": 20480,
		"Latency": 0.85501,
		"Kernel Time": 0.21263,
		"Driver Time": 0.21677,
		"Device Time": 0.42561
	}
, 	{
		"Time": 16.606010087,
		"Size of IO": 4096,
		"Latency": 0.80698,
		"Kernel Time": 0.18471,
		"Driver Time": 0.37653,
		"Device Time": 0.24574
	}
, 	{
		"Time": 16.606138225,
		"Size of IO": 16384,
		"Latency": 0.111488,
		"Kernel Time": 0.3987,
		"Driver Time": 0.44586,
		"Device Time": 0.62915
	}
, 	{
		"Time": 16.606224367,
		"Size of IO": 4096,
		"Latency": 0.28791,
		"Kernel Time": 0.6980,
		"Driver Time": 0.3725,
		"Device Time": 0.18086
	}
, 	{
		"Time": 16.926944458,
		"Size of IO": 45056,
		"Latency": 0.92648,
		"Kernel Time": 0.21250,
		"Driver Time": 0.20529,
		"Device Time": 0.50869
	}
, 	{
		"Time": 20.29175063,
		"Size of IO": 36864,
		"Latency": 0.99886,
		"Kernel Time": 0.25031,
		"Driver Time": 0.21565,
		"Device Time": 0.53290
	}
, 	{
		"Time": 20.29389237,
		"Size of IO": 16384,
		"Latency": 0.119304,
		"Kernel Time": 0.18189,
		"Driver Time": 0.59075,
		"Device Time": 0.42040
	}
, 	{
		"Time": 20.29489733,
		"Size of IO": 4096,
		"Latency": 0.53834,
		"Kernel Time": 0.12557,
		"Driver Time": 0.6395,
		"Device Time": 0.34882
	}
, 	{
		"Time": 21.301143218,
		"Size of IO": 8192,
		"Latency": 0.64150,
		"Kernel Time": 0.14750,
		"Driver Time": 0.21026,
		"Device Time": 0.28374
	}
, 	{
		"Time": 21.301221287,
		"Size of IO": 4096,
		"Latency": 0.33227,
		"Kernel Time": 0.10401,
		"Driver Time": 0.3319,
		"Device Time": 0.19507
	}
, 	{
		"Time": 21.998950341,
		"Size of IO": 28672,
		"Latency": 0.77740,
		"Kernel Time": 0.19734,
		"Driver Time": 0.17210,
		"Device Time": 0.40796
	}
, 	{
		"Time": 26.907362957,
		"Size of IO": 4096,
		"Latency": 0.212609,
		"Kernel Time": 0.26636,
		"Driver Time": 0.145461,
		"Device Time": 0.40512
	}
, 	{
		"Time": 26.907687004,
		"Size of IO": 16384,
		"Latency": 0.209992,
		"Kernel Time": 0.13932,
		"Driver Time": 0.137139,
		"Device Time": 0.58921
	}
, 	{
		"Time": 26.907835996,
		"Size of IO": 4096,
		"Latency": 0.77652,
		"Kernel Time": 0.15493,
		"Driver Time": 0.14632,
		"Device Time": 0.47527
	}
, 	{
		"Time": 27.6983978,
		"Size of IO": 49152,
		"Latency": 0.109737,
		"Kernel Time": 0.21733,
		"Driver Time": 0.23345,
		"Device Time": 0.64659
	}
, 	{
		"Time": 30.36345901,
		"Size of IO": 32768,
		"Latency": 0.97920,
		"Kernel Time": 0.23674,
		"Driver Time": 0.23168,
		"Device Time": 0.51078
	}
, 	{
		"Time": 30.36582096,
		"Size of IO": 16384,
		"Latency": 0.142688,
		"Kernel Time": 0.19063,
		"Driver Time": 0.71824,
		"Device Time": 0.51801
	}
, 	{
		"Time": 30.36736232,
		"Size of IO": 4096,
		"Latency": 0.116927,
		"Kernel Time": 0.13911,
		"Driver Time": 0.8723,
		"Device Time": 0.94293
	}
, 	{
		"Time": 31.301977217,
		"Size of IO": 8192,
		"Latency": 0.88548,
		"Kernel Time": 0.16106,
		"Driver Time": 0.28619,
		"Device Time": 0.43823
	}
, 	{
		"Time": 31.302035087,
		"Size of IO": 4096,
		"Latency": 0.34483,
		"Kernel Time": 0.7436,
		"Driver Time": 0.4797,
		"Device Time": 0.22250
	}
, 	{
		"Time": 32.30945957,
		"Size of IO": 24576,
		"Latency": 0.81442,
		"Kernel Time": 0.18847,
		"Driver Time": 0.20017,
		"Device Time": 0.42578
	}
, 	{
		"Time": 36.337943811,
		"Size of IO": 8192,
		"Latency": 0.141393,
		"Kernel Time": 0.16865,
		"Driver Time": 0.80174,
		"Device Time": 0.44354
	}
, 	{
		"Time": 36.338010126,
		"Size of IO": 16384,
		"Latency": 0.56785,
		"Kernel Time": 0.4175,
		"Driver Time": 0.20362,
		"Device Time": 0.32248
	}
, 	{
		"Time": 36.338049767,
		"Size of IO": 4096,
		"Latency": 0.25966,
		"Kernel Time": 0.4531,
		"Driver Time": 0.2976,
		"Device Time": 0.18459
	}
, 	{
		"Time": 37.54941623,
		"Size of IO": 49152,
		"Latency": 0.92766,
		"Kernel Time": 0.20608,
		"Driver Time": 0.19907,
		"Device Time": 0.52251
	}
, 	{
		"Time": 40.43249610,
		"Size of IO": 32768,
		"Latency": 0.89694,
		"Kernel Time": 0.20982,
		"Driver Time": 0.21076,
		"Device Time": 0.47636
	}
, 	{
		"Time": 40.43507951,
		"Size of IO": 16384,
		"Latency": 0.171917,
		"Kernel Time": 0.19813,
		"Driver Time": 0.106678,
		"Device Time": 0.45426
	}
, 	{
		"Time": 40.43596491,
		"Size of IO": 4096,
		"Latency": 0.45164,
		"Kernel Time": 0.10359,
		"Driver Time": 0.5754,
		"Device Time": 0.29051
	}
, 	{
		"Time": 41.302484651,
		"Size of IO": 8192,
		"Latency": 0.91296,
		"Kernel Time": 0.24678,
		"Driver Time": 0.31995,
		"Device Time": 0.34623
	}
, 	{
		"Time": 41.302547162,
		"Size of IO": 4096,
		"Latency": 0.33550,
		"Kernel Time": 0.9402,
		"Driver Time": 0.3762,
		"Device Time": 0.20386
	}
, 	{
		"Time": 42.62959431,
		"Size of IO": 20480,
		"Latency": 0.95209,
		"Kernel Time": 0.22286,
		"Driver Time": 0.28309,
		"Device Time": 0.44614
	}
, 	{
		"Time": 46.667088884,
		"Size of IO": 4096,
		"Latency": 0.146266,
		"Kernel Time": 0.25240,
		"Driver Time": 0.86263,
		"Device Time": 0.34763
	}
, 	{
		"Time": 46.667237151,
		"Size of IO": 16384,
		"Latency": 0.123179,
		"Kernel Time": 0.44713,
		"Driver Time": 0.47380,
		"Device Time": 0.31086
	}
, 	{
		"Time": 46.667321241,
		"Size of IO": 4096,
		"Latency": 0.34103,
		"Kernel Time": 0.8215,
		"Driver Time": 0.4359,
		"Device Time": 0.21529
	}
, 	{
		"Time": 47.86966881,
		"Size of IO": 45056,
		"Latency": 0.88160,
		"Kernel Time": 0.17972,
		"Driver Time": 0.19622,
		"Device Time": 0.50566
	}
, 	{
		"Time": 50.50873827,
		"Size of IO": 32768,
		"Latency": 0.98405,
		"Kernel Time": 0.22646,
		"Driver Time": 0.22284,
		"Device Time": 0.53475
	}
, 	{
		"Time": 50.51108011,
		"Size of IO": 16384,
		"Latency": 0.114923,
		"Kernel Time": 0.20820,
		"Driver Time": 0.48472,
		"Device Time": 0.45631
	}
, 	{
		"Time": 50.51186857,
		"Size of IO": 4096,