{
	"records": [	{
		"Time": 0.78122,
		"Size of IO": 16384,
		"Latency": 0.54716,
		"Kernel Time": 0.6215,
		"Driver Time": 0.21364,
		"Device Time": 0.27137
	}
, 	{
		"Time": 0.88938,
		"Size of IO": 53248,
		"Latency": 0.88938,
		"Kernel Time": 0.10266,
		"Driver Time": 0.11552,
		"Device Time": 0.67120
	}
, 	{
		"Time": 0.131171,
		"Size of IO": 4096,
		"Latency": 0.21411,
		"Kernel Time": 0.3084,
		"Driver Time": 0.2362,
		"Device Time": 0.15965
	}
, 	{
		"Time": 3.922834718,
		"Size of IO": 8192,
		"Latency": 0.64269,
		"Kernel Time": 0.15226,
		"Driver Time": 0.21387,
		"Device Time": 0.27656
	}
, 	{
		"Time": 3.922890627,
		"Size of IO": 4096,
		"Latency": 0.27453,
		"Kernel Time": 0.4793,
		"Driver Time": 0.3156,
		"Device Time": 0.19504
	}
, 	{
		"Time": 4.536247612,
		"Size of IO": 53248,
		"Latency": 0.114748,
		"Kernel Time": 0.10583,
		"Driver Time": 0.9691,
		"Device Time": 0.94474
	}
, 	{
		"Time": 4.536448738,
		"Size of IO": 16384,
		"Latency": 0.161949,
		"Kernel Time": 0.8822,
		"Driver Time": 0.20906,
		"Device Time": 0.132221
	}
, 	{
		"Time": 4.536487998,
		"Size of IO": 4096,
		"Latency": 0.23616,
		"Kernel Time": 0.3467,
		"Driver Time": 0.2631,
		"Device Time": 0.17518
	}
, 	{
		"Time": 5.8049107,
		"Size of IO": 4096,
		"Latency": 0.70854,
		"Kernel Time": 0.17996,
		"Driver Time": 0.26354,
		"Device Time": 0.26504
	}
, 	{
		"Time": 5.8083882,
		"Size of IO": 4096,
		"Latency": 0.73355,
		"Kernel Time": 0.5675,
		"Driver Time": 0.48186,
		"Device Time": 0.19494
	}
, 	{
		"Time": 5.8179022,
		"Size of IO": 8192,
		"Latency": 0.46087,
		"Kernel Time": 0.8537,
		"Driver Time": 0.7104,
		"Device Time": 0.30446
	}
, 	{
		"Time": 9.961383315,
		"Size of IO": 4096,
		"Latency": 0.124256,
		"Kernel Time": 0.15389,
		"Driver Time": 0.79523,
		"Device Time": 0.29344
	}
, 	{
		"Time": 9.961467617,
		"Size of IO": 16384,
		"Latency": 0.61652,
		"Kernel Time": 0.6413,
		"Driver Time": 0.26749,
		"Device Time": 0.28490
	}
, 	{
		"Time": 9.961516213,
		"Size of IO": 4096,
		"Latency": 0.29543,
		"Kernel Time": 0.6624,
		"Driver Time": 0.3563,
		"Device Time": 0.19356
	}
, 	{
		"Time": 10.32080715,
		"Size of IO": 53248,
		"Latency": 0.73019,
		"Kernel Time": 0.13239,
		"Driver Time": 0.16311,
		"Device Time": 0.43469
	}
, 	{
		"Time": 13.923279038,
		"Size of IO": 8192,
		"Latency": 0.97445,
		"Kernel Time": 0.14526,
		"Driver Time": 0.56680,
		"Device Time": 0.26239
	}
, 	{
		"Time": 13.923352605,
		"Size of IO": 16384,
		"Latency": 0.53069,
		"Kernel Time": 0.4963,
		"Driver Time": 0.22218,
		"Device Time": 0.25888
	}
, 	{
		"Time": 13.923391777,
		"Size of IO": 4096,
		"Latency": 0.25847,
		"Kernel Time": 0.4175,
		"Driver Time": 0.2846,
		"Device Time": 0.18826
	}
, 	{
		"Time": 14.543250439,
		"Size of IO": 36864,
		"Latency": 0.67244,
		"Kernel Time": 0.13784,
		"Driver Time": 0.15233,
		"Device Time": 0.38227
	}
, 	{
		"Time": 14.543394517,
		"Size of IO": 16384,
		"Latency": 0.73614,
		"Kernel Time": 0.13079,
		"Driver Time": 0.28823,
		"Device Time": 0.31712
	}
, 	{
		"Time": 14.543456271,
		"Size of IO": 4096,
		"Latency": 0.39778,
		"Kernel Time": 0.8257,
		"Driver Time": 0.4191,
		"Device Time": 0.27330
	}
, 	{
		"Time": 19.983823848,
		"Size of IO": 8192,
		"Latency": 0.86949,
		"Kernel Time": 0.15693,
		"Driver Time": 0.24742,
		"Device Time": 0.46514
	}
, 	{
		"Time": 19.983870134,
		"Size of IO": 4096,
		"Latency": 0.30219,
		"Kernel Time": 0.6478,
		"Driver Time": 0.3657,
		"Device Time": 0.20084
	}
, 	{
		"Time": 23.923764703,
		"Size of IO": 8192,
		"Latency": 0.56038,
		"Kernel Time": 0.12541,
		"Driver Time": 0.18642,
		"Device Time": 0.24855
	}
, 	{
		"Time": 23.923808507,
		"Size of IO": 4096,
		"Latency": 0.23912,
		"Kernel Time": 0.3763,
		"Driver Time": 0.2608,
		"Device Time": 0.17541
	}
, 	{
		"Time": 24.550056686,
		"Size of IO": 110592,
		"Latency": 0.98094,
		"Kernel Time": 0.15286,
		"Driver Time": 0.17453,
		"Device Time": 0.65355
	}
, 	{
		"Time": 24.550206098,
		"Size of IO": 16384,
		"Latency": 0.67853,
		"Kernel Time": 0.12592,
		"Driver Time": 0.27188,
		"Device Time": 0.28073
	}
, 	{
		"Time": 24.550250902,
		"Size of IO": 4096,
		"Latency": 0.27864,
		"Kernel Time": 0.4505,
		"Driver Time": 0.2849,
		"Device Time": 0.20510
	}
, 	{
		"Time": 29.752923539,
		"Size of IO": 8192,
		"Latency": 0.93331,
		"Kernel Time": 0.14100,
		"Driver Time": 0.22176,
		"Device Time": 0.57055
	}
, 	{
		"Time": 29.752985550,
		"Size of IO": 4096,
		"Latency": 0.32275,
		"Kernel Time": 0.6452,
		"Driver Time": 0.5206,
		"Device Time": 0.20617
	}
, 	{
		"Time": 33.924276996,
		"Size of IO": 8192,
		"Latency": 0.64857,
		"Kernel Time": 0.15369,
		"Driver Time": 0.21823,
		"Device Time": 0.27665
	}
, 	{
		"Time": 33.924322049,
		"Size of IO": 4096,
		"Latency": 0.26574,
		"Kernel Time": 0.4352,
		"Driver Time": 0.3007,
		"Device Time": 0.19215
	}
, 	{
		"Time": 34.582642787,
		"Size of IO": 98304,
		"Latency": 0.93546,
		"Kernel Time": 0.15218,
		"Driver Time": 0.14713,
		"Device Time": 0.63615
	}
, 	{
		"Time": 34.582759333,
		"Size of IO": 16384,
		"Latency": 0.65352,
		"Kernel Time": 0.10559,
		"Driver Time": 0.26749,
		"Device Time": 0.28044
	}
, 	{
		"Time": 34.582807087,
		"Size of IO": 4096,
		"Latency": 0.27260,
		"Kernel Time": 0.4576,
		"Driver Time": 0.3262,
		"Device Time": 0.19422
	}
, 	{
		"Time": 39.605045488,
		"Size of IO": 8192,
		"Latency": 0.72765,
		"Kernel Time": 0.15144,
		"Driver Time": 0.25740,
		"Device Time": 0.31881
	}
, 	{
		"Time": 39.605106882,
		"Size of IO": 4096,
		"Latency": 0.33710,
		"Kernel Time": 0.6767,
		"Driver Time": 0.4292,
		"Device Time": 0.22651
	}
, 	{
		"Time": 40.80103660,
		"Size of IO": 57344,
		"Latency": 0.103788,
		"Kernel Time": 0.12047,
		"Driver Time": 0.14249,
		"Device Time": 0.77492
	}
, 	{
		"Time": 43.924665696,
		"Size of IO": 4096,
		"Latency": 0.49214,
		"Kernel Time": 0.8428,
		"Driver Time": 0.20063,
		"Device Time": 0.20723
	}
, 	{
		"Time": 43.924706780,
		"Size of IO": 16384,
		"Latency": 0.35482,
		"Kernel Time": 0.2211,
		"Driver Time": 0.11386,
		"Device Time": 0.21885
	}
, 	{
		"Time": 43.924731232,
		"Size of IO": 4096,
		"Latency": 0.17363,
		"Kernel Time": 0.2096,
		"Driver Time": 0.1270,
		"Device Time": 0.13997
	}
, 	{
		"Time": 44.589537411,
		"Size of IO": 36864,
		"Latency": 0.71677,
		"Kernel Time": 0.15134,
		"Driver Time": 0.15485,
		"Device Time": 0.41058
	}
, 	{
		"Time": 44.589662165,
		"Size of IO": 16384,
		"Latency": 0.71488,
		"Kernel Time": 0.10209,
		"Driver Time": 0.30701,
		"Device Time": 0.30578
	}
, 	{
		"Time": 44.589715096,
		"Size of IO": 4096,
		"Latency": 0.28932,
		"Kernel Time": 0.6693,
		"Driver Time": 0.3233,
		"Device Time": 0.19006
	}
, 	{
		"Time": 45.88038073,
		"Size of IO": 4096,
		"Latency": 0.69008,
		"Kernel Time": 0.16645,
		"Driver Time": 0.26935,
		"Device Time": 0.25428
	}
, 	{
		"Time": 45.88042537,
		"Size of IO": 4096,
		"Latency": 0.41097,
		"Kernel Time": 0.5626,
		"Driver Time": 0.16890,
		"Device Time": 0.18581
	}
, 	{
		"Time": 49.757533613,
		"Size of IO": 8192,
		"Latency": 0.68099,
		"Kernel Time": 0.15824,
		"Driver Time": 0.22632,
		"Device Time": 0.29643
	}
, 	{
		"Time": 49.757581964,
		"Size of IO": 4096,
		"Latency": 0.27338,
		"Kernel Time": 0.4967,
		"Driver Time": 0.3340,
		"Device Time": 0.19031
	}
, 	{
		"Time": 53.925107086,
		"Size of IO": 8192,
		"Latency": 0.68157,
		"Kernel Time": 0.13586,
		"Driver Time": 0.22411,
		"Device Time": 0.32160
	}
, 	{
		"Time": 53.925163796,
		"Size of IO": 4096,
		"Latency": 0.27060,
		"Kernel Time": 0.4370,
		"Driver Time": 0.3188,
		"Device Time": 0.19502
	}
, 	{
		"Time": 54.596088181,
		"Size of IO": 106496,
		"Latency": 0.97644,
		"Kernel Time": 0.14415,
		"Driver Time": 0.15465,
		"Device Time": 0.67764
	}
, 	{
		"Time": 54.596216379,
		"Size of IO": 16384,
		"Latency": 0.71366,
		"Kernel Time": 0.10602,
		"Driver Time": 0.31381,
		"Device Time": 0.29383
	}
, 	{
		"Time": 54.596278660,
		"Size of IO": 4096,
		"Latency": 0.27857,