{
	"records": [	{
		"Time": 0.197594,
		"Size of IO": 16384,
		"Latency": 0.197594,
		"Kernel Time": 0.41139,
		"Driver Time": 0.62979,
		"Device Time": 0.93476
	}
, 	{
		"Time": 0.399505,
		"Size of IO": 4096,
		"Latency": 0.149220,
		"Kernel Time": 0.16890,
		"Driver Time": 0.99427,
		"Device Time": 0.32903
	}
, 	{
		"Time": 5.120110429,
		"Size of IO": 4096,
		"Latency": 0.148686,
		"Kernel Time": 0.33340,
		"Driver Time": 0.45091,
		"Device Time": 0.70255
	}
, 	{
		"Time": 5.120121969,
		"Size of IO": 4096,
		"Latency": 0.115733,
		"Kernel Time": 0.6946,
		"Driver Time": 0.40735,
		"Device Time": 0.68052
	}
, 	{
		"Time": 5.120126847,
		"Size of IO": 4096,
		"Latency": 0.107845,
		"Kernel Time": 0.6463,
		"Driver Time": 0.45269,
		"Device Time": 0.56113
	}
]}