{
	"records": [	{
		"Window Time": 0.0,
		"Number of IO": 5,
		"Size of IO": 3355443,
		"Latency": 0.143815,
		"Kernel Time": 0.20955,
		"Driver Time": 0.58700,
		"Device Time": 0.64159,
		"max": 0.197594,
		"min": 0.107845,
		"var": 0.000000,
		"std": 0.000032
	}
]}