{
	"records": [	{
		"Window Time": 0.0,
		"Number of IO": 117,
		"Size of IO": 56139145,
		"Latency": 0.904928,
		"Kernel Time": 0.33987,
		"Driver Time": 0.45272,
		"Device Time": 0.825669,
		"max": 0.3088406,
		"min": 0.26443,
		"var": 0.000001,
		"std": 0.000826
	}
, 	{
		"Window Time": 10.0,
		"Number of IO": 143,
		"Size of IO": 58426948,
		"Latency": 0.758068,
		"Kernel Time": 0.71241,
		"Driver Time": 0.32212,
		"Device Time": 0.654614,
		"max": 0.2358385,
		"min": 0.27403,
		"var": 0.000000,
		"std": 0.000596
	}
, 	{
		"Window Time": 20.0,
		"Number of IO": 56,
		"Size of IO": 50631241,
		"Latency": 0.418732,
		"Kernel Time": 0.38276,
		"Driver Time": 0.61568,
		"Device Time": 0.318886,
		"max": 0.1099850,
		"min": 0.29246,
		"var": 0.000000,
		"std": 0.000255
	}
, 	{
		"Window Time": 30.0,
		"Number of IO": 31,
		"Size of IO": 28548327,
		"Latency": 0.266863,
		"Kernel Time": 0.19001,
		"Driver Time": 0.77870,
		"Device Time": 0.169992,
		"max": 0.547172,
		"min": 0.51489,
		"var": 0.000000,
		"std": 0.000143
	}
, 	{
		"Window Time": 40.0,
		"Number of IO": 24,
		"Size of IO": 41506133,
		"Latency": 0.268003,
		"Kernel Time": 0.36138,
		"Driver Time": 0.77784,
		"Device Time": 0.154080,
		"max": 0.748530,
		"min": 0.101883,
		"var": 0.000000,
		"std": 0.000153
	}
, 	{
		"Window Time": 50.0,
		"Number of IO": 21,
		"Size of IO": 37049685,
		"Latency": 0.239260,
		"Kernel Time": 0.27893,
		"Driver Time": 0.71698,
		"Device Time": 0.139668,
		"max": 0.450114,
		"min": 0.84529,
		"var": 0.000000,
		"std": 0.000112
	}
, 	{
		"Window Time": 60.0,
		"Number of IO": 22,
		"Size of IO": 34031057,
		"Latency": 0.242108,
		"Kernel Time": 0.23498,
		"Driver Time": 0.46255,
		"Device Time": 0.172354,
		"max": 0.593996,
		"min": 0.51875,
		"var": 0.000000,
		"std": 0.000133
	}
, 	{
		"Window Time": 70.0,
		"Number of IO": 23,
		"Size of IO": 37839916,
		"Latency": 0.366016,
		"Kernel Time": 0.45069,
		"Driver Time": 0.200664,
		"Device Time": 0.120282,
		"max": 0.1785756,
		"min": 0.82902,
		"var": 0.000000,
		"std": 0.000454
	}
, 	{
		"Window Time": 80.0,
		"Number of IO": 35,
		"Size of IO": 41283935,
		"Latency": 0.224223,
		"Kernel Time": 0.26378,
		"Driver Time": 0.59901,
		"Device Time": 0.137944,
		"max": 0.450721,
		"min": 0.62383,
		"var": 0.000000,
		"std": 0.000111
	}
, 	{
		"Window Time": 90.0,
		"Number of IO": 25,
		"Size of IO": 29527900,
		"Latency": 0.210267,
		"Kernel Time": 0.31205,
		"Driver Time": 0.58003,
		"Device Time": 0.121058,
		"max": 0.457614,
		"min": 0.48535,
		"var": 0.000000,
		"std": 0.000116
	}
, 	{
		"Window Time": 100.0,
		"Number of IO": 26,
		"Size of IO": 39603908,
		"Latency": 0.404245,
		"Kernel Time": 0.42538,
		"Driver Time": 0.183572,
		"Device Time": 0.178135,
		"max": 0.2657490,
		"min": 0.85284,
		"var": 0.000000,
		"std": 0.000491
	}
, 	{
		"Window Time": 110.0,
		"Number of IO": 23,
		"Size of IO": 40210610,
		"Latency": 0.306403,
		"Kernel Time": 0.51276,
		"Driver Time": 0.159862,
		"Device Time": 0.95264,
		"max": 0.1958231,
		"min": 0.92873,
		"var": 0.000000,
		"std": 0.000385
	}
, 	{
		"Window Time": 120.0,
		"Number of IO": 11,
		"Size of IO": 43086941,
		"Latency": 0.205079,
		"Kernel Time": 0.32741,
		"Driver Time": 0.50517,
		"Device Time": 0.121820,
		"max": 0.346630,
		"min": 0.93304,
		"var": 0.000000,
		"std": 0.000080
	}
]}