{
	"records": [	{
		"Window Time": 0.0,
		"Number of IO": 13,
		"Size of IO": 16938535,
		"Latency": 0.91221,
		"Kernel Time": 0.12310,
		"Driver Time": 0.19897,
		"Device Time": 0.59013,
		"max": 0.159723,
		"min": 0.27139,
		"var": 0.000000,
		"std": 0.000038
	}
, 	{
		"Window Time": 10.0,
		"Number of IO": 14,
		"Size of IO": 28161755,
		"Latency": 0.132900,
		"Kernel Time": 0.9447,
		"Driver Time": 0.8801,
		"Device Time": 0.114651,
		"max": 0.336677,
		"min": 0.17826,
		"var": 0.000000,
		"std": 0.000113
	}
, 	{
		"Window Time": 20.0,
		"Number of IO": 13,
		"Size of IO": 26779017,
		"Latency": 0.126058,
		"Kernel Time": 0.10692,
		"Driver Time": 0.11430,
		"Device Time": 0.103935,
		"max": 0.315888,
		"min": 0.17443,
		"var": 0.000000,
		"std": 0.000110
	}
, 	{
		"Window Time": 30.0,
		"Number of IO": 16,
		"Size of IO": 17301504,
		"Latency": 0.99212,
		"Kernel Time": 0.10661,
		"Driver Time": 0.19136,
		"Device Time": 0.69414,
		"max": 0.178942,
		"min": 0.34511,
		"var": 0.000000,
		"std": 0.000046
	}
, 	{
		"Window Time": 40.0,
		"Number of IO": 16,
		"Size of IO": 21626880,
		"Latency": 0.104708,
		"Kernel Time": 0.9419,
		"Driver Time": 0.32934,
		"Device Time": 0.62354,
		"max": 0.250065,
		"min": 0.17700,
		"var": 0.000000,
		"std": 0.000066
	}
, 	{
		"Window Time": 50.0,
		"Number of IO": 15,
		"Size of IO": 24886203,
		"Latency": 0.102766,
		"Kernel Time": 0.11656,
		"Driver Time": 0.14009,
		"Device Time": 0.77099,
		"max": 0.281674,
		"min": 0.21439,
		"var": 0.000000,
		"std": 0.000076
	}
, 	{
		"Window Time": 60.0,
		"Number of IO": 15,
		"Size of IO": 20971520,
		"Latency": 0.101689,
		"Kernel Time": 0.10111,
		"Driver Time": 0.11107,
		"Device Time": 0.80470,
		"max": 0.297758,
		"min": 0.17562,
		"var": 0.000000,
		"std": 0.000099
	}
, 	{
		"Window Time": 70.0,
		"Number of IO": 11,
		"Size of IO": 28978827,
		"Latency": 0.128464,
		"Kernel Time": 0.8864,
		"Driver Time": 0.10801,
		"Device Time": 0.108798,
		"max": 0.285261,
		"min": 0.20107,
		"var": 0.000000,
		"std": 0.000097
	}
, 	{
		"Window Time": 80.0,
		"Number of IO": 16,
		"Size of IO": 25821184,
		"Latency": 0.142443,
		"Kernel Time": 0.13592,
		"Driver Time": 0.37533,
		"Device Time": 0.91317,
		"max": 0.401012,
		"min": 0.18838,
		"var": 0.000000,
		"std": 0.000105
	}
, 	{
		"Window Time": 90.0,
		"Number of IO": 16,
		"Size of IO": 23592960,
		"Latency": 0.123389,
		"Kernel Time": 0.9564,
		"Driver Time": 0.40563,
		"Device Time": 0.73261,
		"max": 0.293836,
		"min": 0.18731,
		"var": 0.000000,
		"std": 0.000100
	}
, 	{
		"Window Time": 100.0,
		"Number of IO": 14,
		"Size of IO": 28161755,
		"Latency": 0.134562,
		"Kernel Time": 0.11129,
		"Driver Time": 0.12557,
		"Device Time": 0.110875,
		"max": 0.321045,
		"min": 0.19200,
		"var": 0.000000,
		"std": 0.000105
	}
, 	{
		"Window Time": 110.0,
		"Number of IO": 17,
		"Size of IO": 28126509,
		"Latency": 0.129304,
		"Kernel Time": 0.9936,
		"Driver Time": 0.17214,
		"Device Time": 0.102153,
		"max": 0.394838,
		"min": 0.17821,
		"var": 0.000000,
		"std": 0.000118
	}
, 	{
		"Window Time": 120.0,
		"Number of IO": 18,
		"Size of IO": 27962026,
		"Latency": 0.125620,
		"Kernel Time": 0.9304,
		"Driver Time": 0.23714,
		"Device Time": 0.92601,
		"max": 0.292755,
		"min": 0.20726,
		"var": 0.000000,
		"std": 0.000093
	}
, 	{
		"Window Time": 130.0,
		"Number of IO": 16,
		"Size of IO": 23068672,
		"Latency": 0.99194,
		"Kernel Time": 0.8891,
		"Driver Time": 0.27875,
		"Device Time": 0.62426,
		"max": 0.219413,
		"min": 0.17792,
		"var": 0.000000,
		"std": 0.000067
	}
, 	{
		"Window Time": 140.0,
		"Number of IO": 24,
		"Size of IO": 26738688,
		"Latency": 0.138996,
		"Kernel Time": 0.10075,
		"Driver Time": 0.25516,
		"Device Time": 0.103404,
		"max": 0.346528,
		"min": 0.17862,
		"var": 0.000000,
		"std": 0.000084
	}
, 	{
		"Window Time": 150.0,
		"Number of IO": 10,
		"Size of IO": 9646899,
		"Latency": 0.99016,
		"Kernel Time": 0.9334,
		"Driver Time": 0.34210,
		"Device Time": 0.55471,
		"max": 0.172860,
		"min": 0.53710,
		"var": 0.000000,
		"std": 0.000033
	}
, 	{
		"Window Time": 160.0,
		"Number of IO": 14,
		"Size of IO": 17975588,
		"Latency": 0.90915,
		"Kernel Time": 0.11729,
		"Driver Time": 0.22357,
		"Device Time": 0.56829,
		"max": 0.201870,
		"min": 0.17254,
		"var": 0.000000,
		"std": 0.000064
	}
, 	{
		"Window Time": 170.0,
		"Number of IO": 17,
		"Size of IO": 24178928,
		"Latency": 0.103063,
		"Kernel Time": 0.10620,
		"Driver Time": 0.35408,
		"Device Time": 0.57034,
		"max": 0.226020,
		"min": 0.17672,
		"var": 0.000000,
		"std": 0.000070
	}
, 	{
		"Window Time": 180.0,
		"Number of IO": 15,
		"Size of IO": 25165824,
		"Latency": 0.118803,
		"Kernel Time": 0.11265,
		"Driver Time": 0.19045,
		"Device Time": 0.88492,
		"max": 0.325583,
		"min": 0.24706,
		"var": 0.000000,
		"std": 0.000090
	}
, 	{
		"Window Time": 190.0,
		"Number of IO": 17,
		"Size of IO": 35774945,
		"Latency": 0.118547,
		"Kernel Time": 0.14658,
		"Driver Time": 0.16589,
		"Device Time": 0.87299,
		"max": 0.276734,
		"min": 0.31276,
		"var": 0.000000,
		"std": 0.000080
	}
, 	{
		"Window Time": 200.0,
		"Number of IO": 13,
		"Size of IO": 15809299,
		"Latency": 0.119912,
		"Kernel Time": 0.11877,
		"Driver Time": 0.48633,
		"Device Time": 0.59401,
		"max": 0.293399,
		"min": 0.21493,
		"var": 0.000000,
		"std": 0.000094
	}
, 	{
		"Window Time": 210.0,
		"Number of IO": 13,
		"Size of IO": 25649782,
		"Latency": 0.102500,
		"Kernel Time": 0.11773,
		"Driver Time": 0.16963,
		"Device Time": 0.73764,
		"max": 0.245184,
		"min": 0.18595,
		"var": 0.000000,
		"std": 0.000084
	}
, 	{
		"Window Time": 220.0,
		"Number of IO": 20,
		"Size of IO": 29045555,
		"Latency": 0.141091,
		"Kernel Time": 0.10431,
		"Driver Time": 0.19731,
		"Device Time": 0.110928,
		"max": 0.295735,
		"min": 0.17729,
		"var": 0.000000,
		"std": 0.000092
	}
, 	{
		"Window Time": 230.0,
		"Number of IO": 18,
		"Size of IO": 11883861,
		"Latency": 0.87395,
		"Kernel Time": 0.9393,
		"Driver Time": 0.32885,
		"Device Time": 0.45116,
		"max": 0.214058,
		"min": 0.23112,
		"var": 0.000000,
		"std": 0.000058
	}
, 	{
		"Window Time": 240.0,
		"Number of IO": 12,
		"Size of IO": 26389162,
		"Latency": 0.114002,
		"Kernel Time": 0.12658,
		"Driver Time": 0.34897,
		"Device Time": 0.66447,
		"max": 0.347422,
		"min": 0.16965,
		"var": 0.000000,
		"std": 0.000094
	}
, 	{
		"Window Time": 250.0,
		"Number of IO": 18,
		"Size of IO": 29476636,
		"Latency": 0.141037,
		"Kernel Time": 0.14472,
		"Driver Time": 0.27313,
		"Device Time": 0.99251,
		"max": 0.324452,
		"min": 0.18952,
		"var": 0.000000,
		"std": 0.000101
	}
, 	{
		"Window Time": 260.0,
		"Number of IO": 20,
		"Size of IO": 20866662,
		"Latency": 0.130066,
		"Kernel Time": 0.15614,
		"Driver Time": 0.46787,
		"Device Time": 0.67664,
		"max": 0.360877,
		"min": 0.18640,
		"var": 0.000000,
		"std": 0.000088
	}
, 	{
		"Window Time": 270.0,
		"Number of IO": 17,
		"Size of IO": 23932205,
		"Latency": 0.117929,
		"Kernel Time": 0.10735,
		"Driver Time": 0.40700,
		"Device Time": 0.66493,
		"max": 0.250721,
		"min": 0.20643,
		"var": 0.000000,
		"std": 0.000079
	}
, 	{
		"Window Time": 280.0,
		"Number of IO": 12,
		"Size of IO": 12582912,
		"Latency": 0.97107,
		"Kernel Time": 0.8525,
		"Driver Time": 0.41592,
		"Device Time": 0.46989,
		"max": 0.228153,
		"min": 0.21756,
		"var": 0.000000,
		"std": 0.000064
	}
, 	{
		"Window Time": 290.0,
		"Number of IO": 19,
		"Size of IO": 17439474,
		"Latency": 0.86455,
		"Kernel Time": 0.11106,
		"Driver Time": 0.24775,
		"Device Time": 0.50573,
		"max": 0.343525,
		"min": 0.20124,
		"var": 0.000000,
		"std": 0.000080
	}
, 	{
		"Window Time": 300.0,
		"Number of IO": 24,
		"Size of IO": 24641536,
		"Latency": 0.135244,
		"Kernel Time": 0.11240,
		"Driver Time": 0.27834,
		"Device Time": 0.96169,
		"max": 0.278513,
		"min": 0.20218,
		"var": 0.000000,
		"std": 0.000075
	}
, 	{
		"Window Time": 310.0,
		"Number of IO": 8,
		"Size of IO": 4456448,
		"Latency": 0.67620,