{
	"records": [	{
		"Time": 0.96149,
		"Size of IO": 4096,
		"Latency": 0.96149,
		"Kernel Time": 0.25709,
		"Driver Time": 0.34025,
		"Device Time": 0.36415
	}
, 	{
		"Time": 0.153912,
		"Size of IO": 4096,
		"Latency": 0.75362,
		"Kernel Time": 0.27490,
		"Driver Time": 0.17327,
		"Device Time": 0.30545
	}
, 	{
		"Time": 8.592812169,
		"Size of IO": 8192,
		"Latency": 0.31479,
		"Kernel Time": 0.4350,
		"Driver Time": 0.7879,
		"Device Time": 0.19250
	}
, 	{
		"Time": 8.592845453,
		"Size of IO": 4096,
		"Latency": 0.18363,
		"Kernel Time": 0.2134,
		"Driver Time": 0.1382,
		"Device Time": 0.14847
	}
, 	{
		"Time": 8.592812043,
		"Size of IO": 4096,
		"Latency": 0.54856,
		"Kernel Time": 0.15669,
		"Driver Time": 0.13443,
		"Device Time": 0.25744
	}
, 	{
		"Time": 13.599833104,
		"Size of IO": 8192,
		"Latency": 0.49846,
		"Kernel Time": 0.11520,
		"Driver Time": 0.11804,
		"Device Time": 0.26522
	}
, 	{
		"Time": 13.599836835,
		"Size of IO": 4096,
		"Latency": 0.18762,
		"Kernel Time": 0.2707,
		"Driver Time": 0.2070,
		"Device Time": 0.13985
	}
, 	{
		"Time": 18.15924831,
		"Size of IO": 4096,
		"Latency": 0.146386,
		"Kernel Time": 0.14493,
		"Driver Time": 0.102088,
		"Device Time": 0.29805
	}
, 	{
		"Time": 18.16010681,
		"Size of IO": 16384,
		"Latency": 0.64043,
		"Kernel Time": 0.5201,
		"Driver Time": 0.31942,
		"Device Time": 0.26900
	}
, 	{
		"Time": 18.16056074,
		"Size of IO": 4096,
		"Latency": 0.29896,
		"Kernel Time": 0.6361,
		"Driver Time": 0.3351,
		"Device Time": 0.20184
	}
, 	{
		"Time": 18.639837294,
		"Size of IO": 61440,
		"Latency": 0.61846,
		"Kernel Time": 0.9522,
		"Driver Time": 0.10726,
		"Device Time": 0.41598
	}
, 	{
		"Time": 22.176851001,
		"Size of IO": 45056,
		"Latency": 0.63038,
		"Kernel Time": 0.11400,
		"Driver Time": 0.13116,
		"Device Time": 0.38522
	}
, 	{
		"Time": 22.176936688,
		"Size of IO": 16384,
		"Latency": 0.49278,
		"Kernel Time": 0.6672,
		"Driver Time": 0.17145,
		"Device Time": 0.25461
	}
, 	{
		"Time": 22.176967650,
		"Size of IO": 4096,
		"Latency": 0.20566,
		"Kernel Time": 0.2981,
		"Driver Time": 0.1797,
		"Device Time": 0.15788
	}
, 	{
		"Time": 22.431995543,
		"Size of IO": 8192,
		"Latency": 0.68473,
		"Kernel Time": 0.15937,
		"Driver Time": 0.25582,
		"Device Time": 0.26954
	}
, 	{
		"Time": 22.432042281,
		"Size of IO": 4096,
		"Latency": 0.29539,
		"Kernel Time": 0.4361,
		"Driver Time": 0.2882,
		"Device Time": 0.22296
	}
, 	{
		"Time": 23.663863245,
		"Size of IO": 20480,
		"Latency": 0.63193,
		"Kernel Time": 0.13875,
		"Driver Time": 0.14931,
		"Device Time": 0.34387
	}
, 	{
		"Time": 27.733031990,
		"Size of IO": 4096,
		"Latency": 0.138222,
		"Kernel Time": 0.17587,
		"Driver Time": 0.89425,
		"Device Time": 0.31210
	}
, 	{
		"Time": 27.733120116,
		"Size of IO": 16384,
		"Latency": 0.61206,
		"Kernel Time": 0.8339,
		"Driver Time": 0.25725,
		"Device Time": 0.27142
	}
, 	{
		"Time": 27.733162394,
		"Size of IO": 4096,
		"Latency": 0.26284,
		"Kernel Time": 0.4439,
		"Driver Time": 0.2919,
		"Device Time": 0.18926
	}
, 	{
		"Time": 28.687896133,
		"Size of IO": 61440,
		"Latency": 0.76099,
		"Kernel Time": 0.13545,
		"Driver Time": 0.14929,
		"Device Time": 0.47625
	}
, 	{
		"Time": 32.183683692,
		"Size of IO": 36864,
		"Latency": 0.61669,
		"Kernel Time": 0.9081,
		"Driver Time": 0.10787,
		"Device Time": 0.41801
	}
, 	{
		"Time": 32.183782031,
		"Size of IO": 16384,
		"Latency": 0.52643,
		"Kernel Time": 0.10268,
		"Driver Time": 0.17962,
		"Device Time": 0.24413
	}
, 	{
		"Time": 32.183824931,
		"Size of IO": 4096,
		"Latency": 0.24758,
		"Kernel Time": 0.7120,
		"Driver Time": 0.2101,
		"Device Time": 0.15537
	}
, 	{
		"Time": 32.432602085,
		"Size of IO": 8192,
		"Latency": 0.51278,
		"Kernel Time": 0.10556,
		"Driver Time": 0.15274,
		"Device Time": 0.25448
	}
, 	{
		"Time": 32.432637664,
		"Size of IO": 4096,
		"Latency": 0.21586,
		"Kernel Time": 0.3212,
		"Driver Time": 0.2296,
		"Device Time": 0.16078
	}
, 	{
		"Time": 33.711925779,
		"Size of IO": 20480,
		"Latency": 0.75605,
		"Kernel Time": 0.15108,
		"Driver Time": 0.18330,
		"Device Time": 0.42167
	}
, 	{
		"Time": 37.665885234,
		"Size of IO": 4096,
		"Latency": 0.73312,
		"Kernel Time": 0.13347,
		"Driver Time": 0.34873,
		"Device Time": 0.25092
	}
, 	{
		"Time": 37.665949565,
		"Size of IO": 16384,
		"Latency": 0.51627,
		"Kernel Time": 0.3613,
		"Driver Time": 0.20625,
		"Device Time": 0.27389
	}
, 	{
		"Time": 37.666008508,
		"Size of IO": 4096,
		"Latency": 0.38030,
		"Kernel Time": 0.7524,
		"Driver Time": 0.4474,
		"Device Time": 0.26032
	}
, 	{
		"Time": 38.735930851,
		"Size of IO": 49152,
		"Latency": 0.104797,
		"Kernel Time": 0.15424,
		"Driver Time": 0.15156,
		"Device Time": 0.74217
	}
, 	{
		"Time": 42.190502383,
		"Size of IO": 45056,
		"Latency": 0.73794,
		"Kernel Time": 0.14667,
		"Driver Time": 0.15647,
		"Device Time": 0.43480
	}
, 	{
		"Time": 42.190619912,
		"Size of IO": 16384,
		"Latency": 0.66797,
		"Kernel Time": 0.10119,
		"Driver Time": 0.26778,
		"Device Time": 0.29900
	}
, 	{
		"Time": 42.190677467,
		"Size of IO": 4096,
		"Latency": 0.30937,
		"Kernel Time": 0.7528,
		"Driver Time": 0.3453,
		"Device Time": 0.19956
	}
, 	{
		"Time": 42.433094063,
		"Size of IO": 8192,
		"Latency": 0.81980,
		"Kernel Time": 0.18650,
		"Driver Time": 0.27942,
		"Device Time": 0.35388
	}
, 	{
		"Time": 42.433156961,
		"Size of IO": 4096,
		"Latency": 0.35309,
		"Kernel Time": 0.6083,
		"Driver Time": 0.3955,
		"Device Time": 0.25271
	}
, 	{
		"Time": 43.759905157,
		"Size of IO": 16384,
		"Latency": 0.70374,
		"Kernel Time": 0.16713,
		"Driver Time": 0.18574,
		"Device Time": 0.35087
	}
, 	{
		"Time": 47.583699068,
		"Size of IO": 16384,
		"Latency": 0.41195,
		"Kernel Time": 0.3601,
		"Driver Time": 0.15277,
		"Device Time": 0.22317
	}
, 	{
		"Time": 47.583723561,
		"Size of IO": 4096,
		"Latency": 0.17244,
		"Kernel Time": 0.2023,
		"Driver Time": 0.1311,
		"Device Time": 0.13910
	}
, 	{
		"Time": 48.783888435,
		"Size of IO": 57344,
		"Latency": 0.77514,
		"Kernel Time": 0.14491,
		"Driver Time": 0.15135,
		"Device Time": 0.47888
	}
, 	{
		"Time": 52.197293406,
		"Size of IO": 36864,
		"Latency": 0.73393,
		"Kernel Time": 0.15224,
		"Driver Time": 0.16179,
		"Device Time": 0.41990
	}
, 	{
		"Time": 52.197432526,
		"Size of IO": 16384,
		"Latency": 0.81761,
		"Kernel Time": 0.11931,
		"Driver Time": 0.35861,
		"Device Time": 0.33969
	}
, 	{
		"Time": 52.197492872,
		"Size of IO": 4096,
		"Latency": 0.35162,
		"Kernel Time": 0.7664,
		"Driver Time": 0.4052,
		"Device Time": 0.23446
	}
, 	{
		"Time": 52.433872026,
		"Size of IO": 8192,
		"Latency": 0.78743,
		"Kernel Time": 0.15680,
		"Driver Time": 0.27481,
		"Device Time": 0.35582
	}
, 	{
		"Time": 52.433923710,
		"Size of IO": 4096,
		"Latency": 0.33030,
		"Kernel Time": 0.5826,
		"Driver Time": 0.4482,
		"Device Time": 0.22722
	}
, 	{
		"Time": 53.807895574,
		"Size of IO": 16384,
		"Latency": 0.61089,
		"Kernel Time": 0.14841,
		"Driver Time": 0.14457,
		"Device Time": 0.31791
	}
, 	{
		"Time": 57.655574189,
		"Size of IO": 4096,
		"Latency": 0.122103,
		"Kernel Time": 0.19434,
		"Driver Time": 0.72425,
		"Device Time": 0.30244
	}
, 	{
		"Time": 57.655675348,
		"Size of IO": 16384,
		"Latency": 0.79723,
		"Kernel Time": 0.4857,
		"Driver Time": 0.23800,
		"Device Time": 0.51066
	}
, 	{
		"Time": 57.655723288,
		"Size of IO": 4096,
		"Latency": 0.29825,
		"Kernel Time": 0.7107,
		"Driver Time": 0.3282,
		"Device Time": 0.19436
	}
, 	{
		"Time": 58.831946849,
		"Size of IO": 49152,
		"Latency": 0.103114,
		"Kernel Time": 0.15184,
		"Driver Time": 0.14312,
		"Device Time": 0.73618
	}
, 	{
		"Time": 62.203729407,
		"Size of IO": 36864,
		"Latency": 0.76885,
		"Kernel Time": 0.15788,
		"Driver Time": 0.18034,
		"Device Time": 0.43063
	}
, 	{
		"Time": 62.203858346,
		"Size of IO": 16384,
		"Latency": 0.68276,
		"Kernel Time": 0.11490,
		"Driver Time": 0.27434,
		"Device Time": 0.29352
	}
, 	{
		"Time": 62.203909881,
		"Size of IO": 4096,