{
	"records": [	{
		"Window Time": 0.0,
		"Number of IO": 6,
		"Size of IO": 2446677,
		"Latency": 0.69365,
		"Kernel Time": 0.11797,
		"Driver Time": 0.27469,
		"Device Time": 0.30098,
		"max": 0.97393,
		"min": 0.17797,
		"var": 0.000000,
		"std": 0.000030
	}
, 	{
		"Window Time": 10.0,
		"Number of IO": 7,
		"Size of IO": 7789421,
		"Latency": 0.70376,
		"Kernel Time": 0.13581,
		"Driver Time": 0.23690,
		"Device Time": 0.33104,
		"max": 0.115737,
		"min": 0.30408,
		"var": 0.000000,
		"std": 0.000028
	}
, 	{
		"Window Time": 20.0,
		"Number of IO": 10,
		"Size of IO": 10066329,
		"Latency": 0.54876,
		"Kernel Time": 0.9991,
		"Driver Time": 0.13655,
		"Device Time": 0.31229,
		"max": 0.94671,
		"min": 0.17444,
		"var": 0.000000,
		"std": 0.000023
	}
, 	{
		"Window Time": 30.0,
		"Number of IO": 10,
		"Size of IO": 8808038,
		"Latency": 0.64719,
		"Kernel Time": 0.13571,
		"Driver Time": 0.18783,
		"Device Time": 0.32364,
		"max": 0.102194,
		"min": 0.18153,
		"var": 0.000000,
		"std": 0.000030
	}
, 	{
		"Window Time": 40.0,
		"Number of IO": 12,
		"Size of IO": 8039082,
		"Latency": 0.60388,
		"Kernel Time": 0.11516,
		"Driver Time": 0.16493,
		"Device Time": 0.32379,
		"max": 0.119853,
		"min": 0.19366,
		"var": 0.000000,
		"std": 0.000025
	}
, 	{
		"Window Time": 50.0,
		"Number of IO": 12,
		"Size of IO": 7340032,
		"Latency": 0.67762,
		"Kernel Time": 0.12932,
		"Driver Time": 0.23211,
		"Device Time": 0.31618,
		"max": 0.136267,
		"min": 0.20939,
		"var": 0.000000,
		"std": 0.000031
	}
, 	{
		"Window Time": 60.0,
		"Number of IO": 12,
		"Size of IO": 7514794,
		"Latency": 0.60229,
		"Kernel Time": 0.10648,
		"Driver Time": 0.17994,
		"Device Time": 0.31586,
		"max": 0.103815,
		"min": 0.28175,
		"var": 0.000000,
		"std": 0.000022
	}
, 	{
		"Window Time": 70.0,
		"Number of IO": 12,
		"Size of IO": 7864320,
		"Latency": 0.58401,
		"Kernel Time": 0.8990,
		"Driver Time": 0.20207,
		"Device Time": 0.29203,
		"max": 0.84335,
		"min": 0.29440,
		"var": 0.000000,
		"std": 0.000020
	}
, 	{
		"Window Time": 80.0,
		"Number of IO": 11,
		"Size of IO": 8197957,
		"Latency": 0.61932,
		"Kernel Time": 0.10229,
		"Driver Time": 0.17764,
		"Device Time": 0.33938,
		"max": 0.120573,
		"min": 0.26950,
		"var": 0.000000,
		"std": 0.000029
	}
, 	{
		"Window Time": 90.0,
		"Number of IO": 8,
		"Size of IO": 9175040,
		"Latency": 0.70079,
		"Kernel Time": 0.13756,
		"Driver Time": 0.20104,
		"Device Time": 0.36218,
		"max": 0.123712,
		"min": 0.25908,
		"var": 0.000000,
		"std": 0.000030
	}
]}