{
	"records": [	{
		"Window Time": 0.0,
		"Number of IO": 5,
		"Size of IO": 2097152,
		"Latency": 0.198806,
		"Kernel Time": 0.20361,
		"Driver Time": 0.97265,
		"Device Time": 0.81179,
		"max": 0.233365,
		"min": 0.184372,
		"var": 0.000000,
		"std": 0.000018
	}
, 	{
		"Window Time": 10.0,
		"Number of IO": 96,
		"Size of IO": 56688640,
		"Latency": 0.599997,
		"Kernel Time": 0.53962,
		"Driver Time": 0.56376,
		"Device Time": 0.489659,
		"max": 0.2021956,
		"min": 0.37835,
		"var": 0.000000,
		"std": 0.000518
	}
, 	{
		"Window Time": 20.0,
		"Number of IO": 123,
		"Size of IO": 62539459,
		"Latency": 0.663062,
		"Kernel Time": 0.91438,
		"Driver Time": 0.35389,
		"Device Time": 0.536234,
		"max": 0.1940598,
		"min": 0.37000,
		"var": 0.000000,
		"std": 0.000482
	}
, 	{
		"Window Time": 30.0,
		"Number of IO": 2,
		"Size of IO": 5242880,
		"Latency": 0.114980,
		"Kernel Time": 0.18478,
		"Driver Time": 0.60699,
		"Device Time": 0.35802,
		"max": 0.115893,
		"min": 0.114067,
		"var": 0.000000,
		"std": 0.000001
	}
]}