{
  "records":
  [

  {
    "Window Time": 4398,
    "Number of IO": 1,
    "Size of IO": 8,
    "Latency": 0.00020337499972811202,
    "Kernel Time": 4.034199992020149e-05,
    "Driver Time": 1.0672999451344367e-05,
    "Device Time": 0.00015236000035656616
  },
  {
    "Window Time": 5401,
    "Number of IO": 6,
    "Size of IO": 48,
    "Latency": 0.0001927219999136772,
    "Kernel Time": 3.47001664522395e-05,
    "Driver Time": 2.4624499928904697e-05,
    "Device Time": 0.000133397333532533
  },
  {
    "Window Time": 6403,
    "Number of IO": 2,
    "Size of IO": 72,
    "Latency": 0.00018520999992688303,
    "Kernel Time": 7.814399987182696e-05,
    "Driver Time": 5.7554500017431565e-05,
    "Device Time": 4.95115000376245e-05
  }
  ]
}
