{
	"records": [	{
		"Window Time": 0.0,
		"Number of IO": 1,
		"Size of IO": 2097152,
		"Latency": 0.102222,
		"Kernel Time": 0.34092,
		"Driver Time": 0.16326,
		"Device Time": 0.51804,
		"max": 0.102222,
		"min": 0.102222,
		"var": 0.000000,
		"std": 0.000000
	}
]}