{
	"records": [	{
		"Time": 0.102222,
		"Size of IO": 4096,
		"Latency": 0.102222,
		"Kernel Time": 0.34092,
		"Driver Time": 0.16326,
		"Device Time": 0.51804
	}
]}