{
	"records": [	{
		"Time": 0.109436,
		"Size of IO": 4096,
		"Latency": 0.109436,
		"Kernel Time": 0.31649,
		"Driver Time": 0.17950,
		"Device Time": 0.59837
	}
]}