{
	"records": [	{
		"Window Time": 0.0,
		"Number of IO": 1,
		"Size of IO": 2097152,
		"Latency": 0.109436,
		"Kernel Time": 0.31649,
		"Driver Time": 0.17950,
		"Device Time": 0.59837,
		"max": 0.109436,
		"min": 0.109436,
		"var": 0.000000,
		"std": 0.000000
	}
]}