{
	"records": [	{
		"Window Time": 0.0,
		"Number of IO": 783,
		"Size of IO": 288014231,
		"Latency": 0.6170218,
		"Kernel Time": 0.130727,
		"Driver Time": 0.16044,
		"Device Time": 0.6023446,
		"max": 0.16502559,
		"min": 0.32351,
		"var": 0.000018,
		"std": 0.004246
	}
, 	{
		"Window Time": 10.0,
		"Number of IO": 85,
		"Size of IO": 59238375,
		"Latency": 0.284573,
		"Kernel Time": 0.38707,
		"Driver Time": 0.53295,
		"Device Time": 0.192570,
		"max": 0.953236,
		"min": 0.53528,
		"var": 0.000000,
		"std": 0.000117
	}
, 	{
		"Window Time": 20.0,
		"Number of IO": 19,
		"Size of IO": 37086477,
		"Latency": 0.198758,
		"Kernel Time": 0.39532,
		"Driver Time": 0.47036,
		"Device Time": 0.112189,
		"max": 0.404163,
		"min": 0.96518,
		"var": 0.000000,
		"std": 0.000083
	}
, 	{
		"Window Time": 30.0,
		"Number of IO": 28,
		"Size of IO": 24117248,
		"Latency": 0.221114,
		"Kernel Time": 0.29442,
		"Driver Time": 0.106219,
		"Device Time": 0.85452,
		"max": 0.553999,
		"min": 0.70864,
		"var": 0.000000,
		"std": 0.000103
	}
, 	{
		"Window Time": 40.0,
		"Number of IO": 25,
		"Size of IO": 42781900,
		"Latency": 0.195756,
		"Kernel Time": 0.13942,
		"Driver Time": 0.39631,
		"Device Time": 0.142182,
		"max": 0.476945,
		"min": 0.43178,
		"var": 0.000000,
		"std": 0.000111
	}
, 	{
		"Window Time": 50.0,
		"Number of IO": 19,
		"Size of IO": 39625135,
		"Latency": 0.215916,
		"Kernel Time": 0.43638,
		"Driver Time": 0.75056,
		"Device Time": 0.97221,
		"max": 0.605573,
		"min": 0.64160,
		"var": 0.000000,
		"std": 0.000133
	}
, 	{
		"Window Time": 60.0,
		"Number of IO": 22,
		"Size of IO": 40417838,
		"Latency": 0.208630,
		"Kernel Time": 0.30830,
		"Driver Time": 0.66709,
		"Device Time": 0.111090,
		"max": 0.618628,
		"min": 0.50489,
		"var": 0.000000,
		"std": 0.000126
	}
]}