{
	"records": [	{
		"Window Time": 0.0,
		"Number of IO": 19,
		"Size of IO": 41501534,
		"Latency": 0.174187,
		"Kernel Time": 0.24657,
		"Driver Time": 0.36177,
		"Device Time": 0.113352,
		"max": 0.321902,
		"min": 0.18348,
		"var": 0.000000,
		"std": 0.000083
	}
, 	{
		"Window Time": 10.0,
		"Number of IO": 129,
		"Size of IO": 58346345,
		"Latency": 0.1098559,
		"Kernel Time": 0.91792,
		"Driver Time": 0.45527,
		"Device Time": 0.961239,
		"max": 0.3152168,
		"min": 0.18643,
		"var": 0.000001,
		"std": 0.000751
	}
, 	{
		"Window Time": 20.0,
		"Number of IO": 89,
		"Size of IO": 60299010,
		"Latency": 0.820182,
		"Kernel Time": 0.43395,
		"Driver Time": 0.54545,
		"Device Time": 0.722241,
		"max": 0.1837040,
		"min": 0.20980,
		"var": 0.000000,
		"std": 0.000492
	}
, 	{
		"Window Time": 30.0,
		"Number of IO": 4,
		"Size of IO": 15728640,
		"Latency": 0.100928,
		"Kernel Time": 0.11696,
		"Driver Time": 0.50735,
		"Device Time": 0.38497,
		"max": 0.156278,
		"min": 0.26981,
		"var": 0.000000,
		"std": 0.000055
	}
]}