{
	"records": [	{
		"Window Time": 0.0,
		"Number of IO": 125,
		"Size of IO": 54005858,
		"Latency": 0.776754,
		"Kernel Time": 0.82897,
		"Driver Time": 0.60240,
		"Device Time": 0.633616,
		"max": 0.2494527,
		"min": 0.19118,
		"var": 0.000000,
		"std": 0.000608
	}
, 	{
		"Window Time": 10.0,
		"Number of IO": 93,
		"Size of IO": 60997808,
		"Latency": 0.820754,
		"Kernel Time": 0.51920,
		"Driver Time": 0.66672,
		"Device Time": 0.702161,
		"max": 0.1953590,
		"min": 0.19180,
		"var": 0.000000,
		"std": 0.000477
	}
, 	{
		"Window Time": 20.0,
		"Number of IO": 16,
		"Size of IO": 49152000,
		"Latency": 0.247282,
		"Kernel Time": 0.62085,
		"Driver Time": 0.63568,
		"Device Time": 0.121628,
		"max": 0.494639,
		"min": 0.38773,
		"var": 0.000000,
		"std": 0.000132
	}
, 	{
		"Window Time": 40.0,
		"Number of IO": 8,
		"Size of IO": 2097152,
		"Latency": 0.240891,
		"Kernel Time": 0.11555,
		"Driver Time": 0.132802,
		"Device Time": 0.96533,
		"max": 0.291174,
		"min": 0.93507,
		"var": 0.000000,
		"std": 0.000057
	}
]}